estudiante_id,estudiante_nombre,materia_id,materia_nombre,libro_id,libro_nombre,leyo_libro,nota_inicial,nota_final,mejora
1,Juan Pérez,1,INTRODUCCIÓN A LA PSICOLOGÍA,1,Resumen: INTRODUCCIÓN A LA PSICOLOGÍA,1,50,83,33
1,Juan Pérez,1,INTRODUCCIÓN A LA PSICOLOGÍA,1,Resumen: INTRODUCCIÓN A LA PSICOLOGÍA,1,37,65,28
1,Juan Pérez,1,INTRODUCCIÓN A LA PSICOLOGÍA,1,Resumen: INTRODUCCIÓN A LA PSICOLOGÍA,1,47,85,38
1,Juan Pérez,1,INTRODUCCIÓN A LA PSICOLOGÍA,1,Resumen: INTRODUCCIÓN A LA PSICOLOGÍA,1,31,62,31
1,Juan Pérez,1,INTRODUCCIÓN A LA PSICOLOGÍA,1,Resumen: INTRODUCCIÓN A LA PSICOLOGÍA,0,37,37,0
1,Juan Pérez,1,INTRODUCCIÓN A LA PSICOLOGÍA,1,Resumen: INTRODUCCIÓN A LA PSICOLOGÍA,1,47,85,38
1,Juan Pérez,1,INTRODUCCIÓN A LA PSICOLOGÍA,1,Resumen: INTRODUCCIÓN A LA PSICOLOGÍA,1,37,70,33
1,Juan Pérez,1,INTRODUCCIÓN A LA PSICOLOGÍA,1,Resumen: INTRODUCCIÓN A LA PSICOLOGÍA,0,30,32,2
1,Juan Pérez,1,INTRODUCCIÓN A LA PSICOLOGÍA,1,Resumen: INTRODUCCIÓN A LA PSICOLOGÍA,1,43,72,29
1,Juan Pérez,1,INTRODUCCIÓN A LA PSICOLOGÍA,1,Resumen: INTRODUCCIÓN A LA PSICOLOGÍA,0,36,41,5
1,Juan Pérez,1,INTRODUCCIÓN A LA PSICOLOGÍA,1,Resumen: INTRODUCCIÓN A LA PSICOLOGÍA,1,33,61,28
1,Juan Pérez,1,INTRODUCCIÓN A LA PSICOLOGÍA,1,Resumen: INTRODUCCIÓN A LA PSICOLOGÍA,0,41,50,9
1,Juan Pérez,1,INTRODUCCIÓN A LA PSICOLOGÍA,1,Resumen: INTRODUCCIÓN A LA PSICOLOGÍA,0,38,45,7
1,Juan Pérez,1,INTRODUCCIÓN A LA PSICOLOGÍA,1,Resumen: INTRODUCCIÓN A LA PSICOLOGÍA,1,47,84,37
1,Juan Pérez,1,INTRODUCCIÓN A LA PSICOLOGÍA,1,Resumen: INTRODUCCIÓN A LA PSICOLOGÍA,0,32,42,10
2,María Quispe,1,INTRODUCCIÓN A LA PSICOLOGÍA,1,Resumen: INTRODUCCIÓN A LA PSICOLOGÍA,0,49,54,5
2,María Quispe,1,INTRODUCCIÓN A LA PSICOLOGÍA,1,Resumen: INTRODUCCIÓN A LA PSICOLOGÍA,1,48,75,27
2,María Quispe,1,INTRODUCCIÓN A LA PSICOLOGÍA,1,Resumen: INTRODUCCIÓN A LA PSICOLOGÍA,0,31,35,4
2,María Quispe,1,INTRODUCCIÓN A LA PSICOLOGÍA,1,Resumen: INTRODUCCIÓN A LA PSICOLOGÍA,0,32,33,1
2,María Quispe,1,INTRODUCCIÓN A LA PSICOLOGÍA,1,Resumen: INTRODUCCIÓN A LA PSICOLOGÍA,1,42,78,36
2,María Quispe,1,INTRODUCCIÓN A LA PSICOLOGÍA,1,Resumen: INTRODUCCIÓN A LA PSICOLOGÍA,1,35,66,31
2,María Quispe,1,INTRODUCCIÓN A LA PSICOLOGÍA,1,Resumen: INTRODUCCIÓN A LA PSICOLOGÍA,0,38,48,10
2,María Quispe,1,INTRODUCCIÓN A LA PSICOLOGÍA,1,Resumen: INTRODUCCIÓN A LA PSICOLOGÍA,1,50,80,30
2,María Quispe,1,INTRODUCCIÓN A LA PSICOLOGÍA,1,Resumen: INTRODUCCIÓN A LA PSICOLOGÍA,0,47,49,2
2,María Quispe,1,INTRODUCCIÓN A LA PSICOLOGÍA,1,Resumen: INTRODUCCIÓN A LA PSICOLOGÍA,1,44,76,32
2,María Quispe,1,INTRODUCCIÓN A LA PSICOLOGÍA,1,Resumen: INTRODUCCIÓN A LA PSICOLOGÍA,0,40,40,0
2,María Quispe,1,INTRODUCCIÓN A LA PSICOLOGÍA,1,Resumen: INTRODUCCIÓN A LA PSICOLOGÍA,0,37,42,5
2,María Quispe,1,INTRODUCCIÓN A LA PSICOLOGÍA,1,Resumen: INTRODUCCIÓN A LA PSICOLOGÍA,1,42,73,31
2,María Quispe,1,INTRODUCCIÓN A LA PSICOLOGÍA,1,Resumen: INTRODUCCIÓN A LA PSICOLOGÍA,0,48,53,5
2,María Quispe,1,INTRODUCCIÓN A LA PSICOLOGÍA,1,Resumen: INTRODUCCIÓN A LA PSICOLOGÍA,0,36,42,6
3,Luis Choque,1,INTRODUCCIÓN A LA PSICOLOGÍA,1,Resumen: INTRODUCCIÓN A LA PSICOLOGÍA,1,50,83,33
3,Luis Choque,1,INTRODUCCIÓN A LA PSICOLOGÍA,1,Resumen: INTRODUCCIÓN A LA PSICOLOGÍA,1,34,67,33
3,Luis Choque,1,INTRODUCCIÓN A LA PSICOLOGÍA,1,Resumen: INTRODUCCIÓN A LA PSICOLOGÍA,1,48,85,37
3,Luis Choque,1,INTRODUCCIÓN A LA PSICOLOGÍA,1,Resumen: INTRODUCCIÓN A LA PSICOLOGÍA,1,41,70,29
3,Luis Choque,1,INTRODUCCIÓN A LA PSICOLOGÍA,1,Resumen: INTRODUCCIÓN A LA PSICOLOGÍA,1,46,72,26
3,Luis Choque,1,INTRODUCCIÓN A LA PSICOLOGÍA,1,Resumen: INTRODUCCIÓN A LA PSICOLOGÍA,1,33,63,30
3,Luis Choque,1,INTRODUCCIÓN A LA PSICOLOGÍA,1,Resumen: INTRODUCCIÓN A LA PSICOLOGÍA,0,43,49,6
3,Luis Choque,1,INTRODUCCIÓN A LA PSICOLOGÍA,1,Resumen: INTRODUCCIÓN A LA PSICOLOGÍA,0,42,49,7
3,Luis Choque,1,INTRODUCCIÓN A LA PSICOLOGÍA,1,Resumen: INTRODUCCIÓN A LA PSICOLOGÍA,1,46,71,25
3,Luis Choque,1,INTRODUCCIÓN A LA PSICOLOGÍA,1,Resumen: INTRODUCCIÓN A LA PSICOLOGÍA,0,33,41,8
3,Luis Choque,1,INTRODUCCIÓN A LA PSICOLOGÍA,1,Resumen: INTRODUCCIÓN A LA PSICOLOGÍA,0,38,43,5
3,Luis Choque,1,INTRODUCCIÓN A LA PSICOLOGÍA,1,Resumen: INTRODUCCIÓN A LA PSICOLOGÍA,1,33,63,30
3,Luis Choque,1,INTRODUCCIÓN A LA PSICOLOGÍA,1,Resumen: INTRODUCCIÓN A LA PSICOLOGÍA,1,44,77,33
3,Luis Choque,1,INTRODUCCIÓN A LA PSICOLOGÍA,1,Resumen: INTRODUCCIÓN A LA PSICOLOGÍA,0,46,54,8
3,Luis Choque,1,INTRODUCCIÓN A LA PSICOLOGÍA,1,Resumen: INTRODUCCIÓN A LA PSICOLOGÍA,0,33,37,4
4,Sofía Condori,1,INTRODUCCIÓN A LA PSICOLOGÍA,1,Resumen: INTRODUCCIÓN A LA PSICOLOGÍA,0,50,53,3
4,Sofía Condori,1,INTRODUCCIÓN A LA PSICOLOGÍA,1,Resumen: INTRODUCCIÓN A LA PSICOLOGÍA,1,34,64,30
4,Sofía Condori,1,INTRODUCCIÓN A LA PSICOLOGÍA,1,Resumen: INTRODUCCIÓN A LA PSICOLOGÍA,0,47,55,8
4,Sofía Condori,1,INTRODUCCIÓN A LA PSICOLOGÍA,1,Resumen: INTRODUCCIÓN A LA PSICOLOGÍA,0,30,37,7
4,Sofía Condori,1,INTRODUCCIÓN A LA PSICOLOGÍA,1,Resumen: INTRODUCCIÓN A LA PSICOLOGÍA,1,30,66,36
4,Sofía Condori,1,INTRODUCCIÓN A LA PSICOLOGÍA,1,Resumen: INTRODUCCIÓN A LA PSICOLOGÍA,1,39,71,32
4,Sofía Condori,1,INTRODUCCIÓN A LA PSICOLOGÍA,1,Resumen: INTRODUCCIÓN A LA PSICOLOGÍA,0,48,49,1
4,Sofía Condori,1,INTRODUCCIÓN A LA PSICOLOGÍA,1,Resumen: INTRODUCCIÓN A LA PSICOLOGÍA,0,45,53,8
4,Sofía Condori,1,INTRODUCCIÓN A LA PSICOLOGÍA,1,Resumen: INTRODUCCIÓN A LA PSICOLOGÍA,1,34,74,40
4,Sofía Condori,1,INTRODUCCIÓN A LA PSICOLOGÍA,1,Resumen: INTRODUCCIÓN A LA PSICOLOGÍA,1,47,85,38
4,Sofía Condori,1,INTRODUCCIÓN A LA PSICOLOGÍA,1,Resumen: INTRODUCCIÓN A LA PSICOLOGÍA,0,36,39,3
4,Sofía Condori,1,INTRODUCCIÓN A LA PSICOLOGÍA,1,Resumen: INTRODUCCIÓN A LA PSICOLOGÍA,1,39,75,36
4,Sofía Condori,1,INTRODUCCIÓN A LA PSICOLOGÍA,1,Resumen: INTRODUCCIÓN A LA PSICOLOGÍA,0,44,51,7
4,Sofía Condori,1,INTRODUCCIÓN A LA PSICOLOGÍA,1,Resumen: INTRODUCCIÓN A LA PSICOLOGÍA,1,33,60,27
4,Sofía Condori,1,INTRODUCCIÓN A LA PSICOLOGÍA,1,Resumen: INTRODUCCIÓN A LA PSICOLOGÍA,1,40,72,32
5,Carlos Mamani,1,INTRODUCCIÓN A LA PSICOLOGÍA,1,Resumen: INTRODUCCIÓN A LA PSICOLOGÍA,1,48,75,27
5,Carlos Mamani,1,INTRODUCCIÓN A LA PSICOLOGÍA,1,Resumen: INTRODUCCIÓN A LA PSICOLOGÍA,1,50,77,27
5,Carlos Mamani,1,INTRODUCCIÓN A LA PSICOLOGÍA,1,Resumen: INTRODUCCIÓN A LA PSICOLOGÍA,0,31,32,1
5,Carlos Mamani,1,INTRODUCCIÓN A LA PSICOLOGÍA,1,Resumen: INTRODUCCIÓN A LA PSICOLOGÍA,1,46,86,40
5,Carlos Mamani,1,INTRODUCCIÓN A LA PSICOLOGÍA,1,Resumen: INTRODUCCIÓN A LA PSICOLOGÍA,0,36,45,9
5,Carlos Mamani,1,INTRODUCCIÓN A LA PSICOLOGÍA,1,Resumen: INTRODUCCIÓN A LA PSICOLOGÍA,1,48,88,40
5,Carlos Mamani,1,INTRODUCCIÓN A LA PSICOLOGÍA,1,Resumen: INTRODUCCIÓN A LA PSICOLOGÍA,1,43,71,28
5,Carlos Mamani,1,INTRODUCCIÓN A LA PSICOLOGÍA,1,Resumen: INTRODUCCIÓN A LA PSICOLOGÍA,1,43,81,38
5,Carlos Mamani,1,INTRODUCCIÓN A LA PSICOLOGÍA,1,Resumen: INTRODUCCIÓN A LA PSICOLOGÍA,0,44,44,0
5,Carlos Mamani,1,INTRODUCCIÓN A LA PSICOLOGÍA,1,Resumen: INTRODUCCIÓN A LA PSICOLOGÍA,0,50,51,1
5,Carlos Mamani,1,INTRODUCCIÓN A LA PSICOLOGÍA,1,Resumen: INTRODUCCIÓN A LA PSICOLOGÍA,1,31,66,35
5,Carlos Mamani,1,INTRODUCCIÓN A LA PSICOLOGÍA,1,Resumen: INTRODUCCIÓN A LA PSICOLOGÍA,1,33,64,31
5,Carlos Mamani,1,INTRODUCCIÓN A LA PSICOLOGÍA,1,Resumen: INTRODUCCIÓN A LA PSICOLOGÍA,1,47,85,38
5,Carlos Mamani,1,INTRODUCCIÓN A LA PSICOLOGÍA,1,Resumen: INTRODUCCIÓN A LA PSICOLOGÍA,1,35,67,32
5,Carlos Mamani,1,INTRODUCCIÓN A LA PSICOLOGÍA,1,Resumen: INTRODUCCIÓN A LA PSICOLOGÍA,1,32,60,28
6,Ana Torrez,1,INTRODUCCIÓN A LA PSICOLOGÍA,1,Resumen: INTRODUCCIÓN A LA PSICOLOGÍA,0,31,39,8
6,Ana Torrez,1,INTRODUCCIÓN A LA PSICOLOGÍA,1,Resumen: INTRODUCCIÓN A LA PSICOLOGÍA,0,30,33,3
6,Ana Torrez,1,INTRODUCCIÓN A LA PSICOLOGÍA,1,Resumen: INTRODUCCIÓN A LA PSICOLOGÍA,1,35,75,40
6,Ana Torrez,1,INTRODUCCIÓN A LA PSICOLOGÍA,1,Resumen: INTRODUCCIÓN A LA PSICOLOGÍA,0,36,36,0
6,Ana Torrez,1,INTRODUCCIÓN A LA PSICOLOGÍA,1,Resumen: INTRODUCCIÓN A LA PSICOLOGÍA,1,35,72,37
6,Ana Torrez,1,INTRODUCCIÓN A LA PSICOLOGÍA,1,Resumen: INTRODUCCIÓN A LA PSICOLOGÍA,0,38,45,7
6,Ana Torrez,1,INTRODUCCIÓN A LA PSICOLOGÍA,1,Resumen: INTRODUCCIÓN A LA PSICOLOGÍA,1,39,79,40
6,Ana Torrez,1,INTRODUCCIÓN A LA PSICOLOGÍA,1,Resumen: INTRODUCCIÓN A LA PSICOLOGÍA,1,34,65,31
6,Ana Torrez,1,INTRODUCCIÓN A LA PSICOLOGÍA,1,Resumen: INTRODUCCIÓN A LA PSICOLOGÍA,0,31,39,8
6,Ana Torrez,1,INTRODUCCIÓN A LA PSICOLOGÍA,1,Resumen: INTRODUCCIÓN A LA PSICOLOGÍA,0,31,31,0
6,Ana Torrez,1,INTRODUCCIÓN A LA PSICOLOGÍA,1,Resumen: INTRODUCCIÓN A LA PSICOLOGÍA,0,31,39,8
6,Ana Torrez,1,INTRODUCCIÓN A LA PSICOLOGÍA,1,Resumen: INTRODUCCIÓN A LA PSICOLOGÍA,1,46,73,27
6,Ana Torrez,1,INTRODUCCIÓN A LA PSICOLOGÍA,1,Resumen: INTRODUCCIÓN A LA PSICOLOGÍA,1,35,62,27
6,Ana Torrez,1,INTRODUCCIÓN A LA PSICOLOGÍA,1,Resumen: INTRODUCCIÓN A LA PSICOLOGÍA,1,37,69,32
6,Ana Torrez,1,INTRODUCCIÓN A LA PSICOLOGÍA,1,Resumen: INTRODUCCIÓN A LA PSICOLOGÍA,0,48,57,9
7,Diego Huanca,1,INTRODUCCIÓN A LA PSICOLOGÍA,1,Resumen: INTRODUCCIÓN A LA PSICOLOGÍA,1,32,67,35
7,Diego Huanca,1,INTRODUCCIÓN A LA PSICOLOGÍA,1,Resumen: INTRODUCCIÓN A LA PSICOLOGÍA,1,38,73,35
7,Diego Huanca,1,INTRODUCCIÓN A LA PSICOLOGÍA,1,Resumen: INTRODUCCIÓN A LA PSICOLOGÍA,1,37,66,29
7,Diego Huanca,1,INTRODUCCIÓN A LA PSICOLOGÍA,1,Resumen: INTRODUCCIÓN A LA PSICOLOGÍA,1,50,85,35
7,Diego Huanca,1,INTRODUCCIÓN A LA PSICOLOGÍA,1,Resumen: INTRODUCCIÓN A LA PSICOLOGÍA,1,32,60,28
7,Diego Huanca,1,INTRODUCCIÓN A LA PSICOLOGÍA,1,Resumen: INTRODUCCIÓN A LA PSICOLOGÍA,0,32,40,8
7,Diego Huanca,1,INTRODUCCIÓN A LA PSICOLOGÍA,1,Resumen: INTRODUCCIÓN A LA PSICOLOGÍA,1,38,74,36
7,Diego Huanca,1,INTRODUCCIÓN A LA PSICOLOGÍA,1,Resumen: INTRODUCCIÓN A LA PSICOLOGÍA,0,32,37,5
7,Diego Huanca,1,INTRODUCCIÓN A LA PSICOLOGÍA,1,Resumen: INTRODUCCIÓN A LA PSICOLOGÍA,1,39,73,34
7,Diego Huanca,1,INTRODUCCIÓN A LA PSICOLOGÍA,1,Resumen: INTRODUCCIÓN A LA PSICOLOGÍA,0,49,59,10
7,Diego Huanca,1,INTRODUCCIÓN A LA PSICOLOGÍA,1,Resumen: INTRODUCCIÓN A LA PSICOLOGÍA,1,46,80,34
7,Diego Huanca,1,INTRODUCCIÓN A LA PSICOLOGÍA,1,Resumen: INTRODUCCIÓN A LA PSICOLOGÍA,0,33,35,2
7,Diego Huanca,1,INTRODUCCIÓN A LA PSICOLOGÍA,1,Resumen: INTRODUCCIÓN A LA PSICOLOGÍA,1,38,66,28
7,Diego Huanca,1,INTRODUCCIÓN A LA PSICOLOGÍA,1,Resumen: INTRODUCCIÓN A LA PSICOLOGÍA,1,47,81,34
7,Diego Huanca,1,INTRODUCCIÓN A LA PSICOLOGÍA,1,Resumen: INTRODUCCIÓN A LA PSICOLOGÍA,1,49,84,35
8,Lucía Apaza,1,INTRODUCCIÓN A LA PSICOLOGÍA,1,Resumen: INTRODUCCIÓN A LA PSICOLOGÍA,0,36,40,4
8,Lucía Apaza,1,INTRODUCCIÓN A LA PSICOLOGÍA,1,Resumen: INTRODUCCIÓN A LA PSICOLOGÍA,1,46,72,26
8,Lucía Apaza,1,INTRODUCCIÓN A LA PSICOLOGÍA,1,Resumen: INTRODUCCIÓN A LA PSICOLOGÍA,0,32,36,4
8,Lucía Apaza,1,INTRODUCCIÓN A LA PSICOLOGÍA,1,Resumen: INTRODUCCIÓN A LA PSICOLOGÍA,1,31,60,29
8,Lucía Apaza,1,INTRODUCCIÓN A LA PSICOLOGÍA,1,Resumen: INTRODUCCIÓN A LA PSICOLOGÍA,0,50,52,2
8,Lucía Apaza,1,INTRODUCCIÓN A LA PSICOLOGÍA,1,Resumen: INTRODUCCIÓN A LA PSICOLOGÍA,0,44,50,6
8,Lucía Apaza,1,INTRODUCCIÓN A LA PSICOLOGÍA,1,Resumen: INTRODUCCIÓN A LA PSICOLOGÍA,1,47,74,27
8,Lucía Apaza,1,INTRODUCCIÓN A LA PSICOLOGÍA,1,Resumen: INTRODUCCIÓN A LA PSICOLOGÍA,0,34,39,5
8,Lucía Apaza,1,INTRODUCCIÓN A LA PSICOLOGÍA,1,Resumen: INTRODUCCIÓN A LA PSICOLOGÍA,0,48,54,6
8,Lucía Apaza,1,INTRODUCCIÓN A LA PSICOLOGÍA,1,Resumen: INTRODUCCIÓN A LA PSICOLOGÍA,1,34,70,36
8,Lucía Apaza,1,INTRODUCCIÓN A LA PSICOLOGÍA,1,Resumen: INTRODUCCIÓN A LA PSICOLOGÍA,0,31,34,3
8,Lucía Apaza,1,INTRODUCCIÓN A LA PSICOLOGÍA,1,Resumen: INTRODUCCIÓN A LA PSICOLOGÍA,0,37,42,5
8,Lucía Apaza,1,INTRODUCCIÓN A LA PSICOLOGÍA,1,Resumen: INTRODUCCIÓN A LA PSICOLOGÍA,0,47,53,6
8,Lucía Apaza,1,INTRODUCCIÓN A LA PSICOLOGÍA,1,Resumen: INTRODUCCIÓN A LA PSICOLOGÍA,0,49,52,3
8,Lucía Apaza,1,INTRODUCCIÓN A LA PSICOLOGÍA,1,Resumen: INTRODUCCIÓN A LA PSICOLOGÍA,0,35,37,2
9,Fernando Quispe,1,INTRODUCCIÓN A LA PSICOLOGÍA,1,Resumen: INTRODUCCIÓN A LA PSICOLOGÍA,1,43,78,35
9,Fernando Quispe,1,INTRODUCCIÓN A LA PSICOLOGÍA,1,Resumen: INTRODUCCIÓN A LA PSICOLOGÍA,0,43,46,3
9,Fernando Quispe,1,INTRODUCCIÓN A LA PSICOLOGÍA,1,Resumen: INTRODUCCIÓN A LA PSICOLOGÍA,1,38,66,28
9,Fernando Quispe,1,INTRODUCCIÓN A LA PSICOLOGÍA,1,Resumen: INTRODUCCIÓN A LA PSICOLOGÍA,0,42,49,7
9,Fernando Quispe,1,INTRODUCCIÓN A LA PSICOLOGÍA,1,Resumen: INTRODUCCIÓN A LA PSICOLOGÍA,1,37,76,39
9,Fernando Quispe,1,INTRODUCCIÓN A LA PSICOLOGÍA,1,Resumen: INTRODUCCIÓN A LA PSICOLOGÍA,1,41,73,32
9,Fernando Quispe,1,INTRODUCCIÓN A LA PSICOLOGÍA,1,Resumen: INTRODUCCIÓN A LA PSICOLOGÍA,1,37,68,31
9,Fernando Quispe,1,INTRODUCCIÓN A LA PSICOLOGÍA,1,Resumen: INTRODUCCIÓN A LA PSICOLOGÍA,1,42,69,27
9,Fernando Quispe,1,INTRODUCCIÓN A LA PSICOLOGÍA,1,Resumen: INTRODUCCIÓN A LA PSICOLOGÍA,1,38,75,37
9,Fernando Quispe,1,INTRODUCCIÓN A LA PSICOLOGÍA,1,Resumen: INTRODUCCIÓN A LA PSICOLOGÍA,1,47,72,25
9,Fernando Quispe,1,INTRODUCCIÓN A LA PSICOLOGÍA,1,Resumen: INTRODUCCIÓN A LA PSICOLOGÍA,0,33,37,4
9,Fernando Quispe,1,INTRODUCCIÓN A LA PSICOLOGÍA,1,Resumen: INTRODUCCIÓN A LA PSICOLOGÍA,0,35,39,4
9,Fernando Quispe,1,INTRODUCCIÓN A LA PSICOLOGÍA,1,Resumen: INTRODUCCIÓN A LA PSICOLOGÍA,1,31,69,38
9,Fernando Quispe,1,INTRODUCCIÓN A LA PSICOLOGÍA,1,Resumen: INTRODUCCIÓN A LA PSICOLOGÍA,0,41,46,5
9,Fernando Quispe,1,INTRODUCCIÓN A LA PSICOLOGÍA,1,Resumen: INTRODUCCIÓN A LA PSICOLOGÍA,0,43,51,8
10,Camila Mendoza,1,INTRODUCCIÓN A LA PSICOLOGÍA,1,Resumen: INTRODUCCIÓN A LA PSICOLOGÍA,1,33,64,31
10,Camila Mendoza,1,INTRODUCCIÓN A LA PSICOLOGÍA,1,Resumen: INTRODUCCIÓN A LA PSICOLOGÍA,1,38,76,38
10,Camila Mendoza,1,INTRODUCCIÓN A LA PSICOLOGÍA,1,Resumen: INTRODUCCIÓN A LA PSICOLOGÍA,0,30,38,8
10,Camila Mendoza,1,INTRODUCCIÓN A LA PSICOLOGÍA,1,Resumen: INTRODUCCIÓN A LA PSICOLOGÍA,1,36,63,27
10,Camila Mendoza,1,INTRODUCCIÓN A LA PSICOLOGÍA,1,Resumen: INTRODUCCIÓN A LA PSICOLOGÍA,0,40,50,10
10,Camila Mendoza,1,INTRODUCCIÓN A LA PSICOLOGÍA,1,Resumen: INTRODUCCIÓN A LA PSICOLOGÍA,0,33,37,4
10,Camila Mendoza,1,INTRODUCCIÓN A LA PSICOLOGÍA,1,Resumen: INTRODUCCIÓN A LA PSICOLOGÍA,1,46,84,38
10,Camila Mendoza,1,INTRODUCCIÓN A LA PSICOLOGÍA,1,Resumen: INTRODUCCIÓN A LA PSICOLOGÍA,1,40,74,34
10,Camila Mendoza,1,INTRODUCCIÓN A LA PSICOLOGÍA,1,Resumen: INTRODUCCIÓN A LA PSICOLOGÍA,1,47,85,38
10,Camila Mendoza,1,INTRODUCCIÓN A LA PSICOLOGÍA,1,Resumen: INTRODUCCIÓN A LA PSICOLOGÍA,0,42,44,2
10,Camila Mendoza,1,INTRODUCCIÓN A LA PSICOLOGÍA,1,Resumen: INTRODUCCIÓN A LA PSICOLOGÍA,0,49,55,6
10,Camila Mendoza,1,INTRODUCCIÓN A LA PSICOLOGÍA,1,Resumen: INTRODUCCIÓN A LA PSICOLOGÍA,0,47,51,4
10,Camila Mendoza,1,INTRODUCCIÓN A LA PSICOLOGÍA,1,Resumen: INTRODUCCIÓN A LA PSICOLOGÍA,1,39,74,35
10,Camila Mendoza,1,INTRODUCCIÓN A LA PSICOLOGÍA,1,Resumen: INTRODUCCIÓN A LA PSICOLOGÍA,1,44,75,31
10,Camila Mendoza,1,INTRODUCCIÓN A LA PSICOLOGÍA,1,Resumen: INTRODUCCIÓN A LA PSICOLOGÍA,1,46,76,30
11,Roberto Copa,1,INTRODUCCIÓN A LA PSICOLOGÍA,1,Resumen: INTRODUCCIÓN A LA PSICOLOGÍA,1,32,67,35
11,Roberto Copa,1,INTRODUCCIÓN A LA PSICOLOGÍA,1,Resumen: INTRODUCCIÓN A LA PSICOLOGÍA,0,32,35,3
11,Roberto Copa,1,INTRODUCCIÓN A LA PSICOLOGÍA,1,Resumen: INTRODUCCIÓN A LA PSICOLOGÍA,1,39,70,31
11,Roberto Copa,1,INTRODUCCIÓN A LA PSICOLOGÍA,1,Resumen: INTRODUCCIÓN A LA PSICOLOGÍA,1,34,66,32
11,Roberto Copa,1,INTRODUCCIÓN A LA PSICOLOGÍA,1,Resumen: INTRODUCCIÓN A LA PSICOLOGÍA,0,45,46,1
11,Roberto Copa,1,INTRODUCCIÓN A LA PSICOLOGÍA,1,Resumen: INTRODUCCIÓN A LA PSICOLOGÍA,1,44,75,31
11,Roberto Copa,1,INTRODUCCIÓN A LA PSICOLOGÍA,1,Resumen: INTRODUCCIÓN A LA PSICOLOGÍA,1,42,74,32
11,Roberto Copa,1,INTRODUCCIÓN A LA PSICOLOGÍA,1,Resumen: INTRODUCCIÓN A LA PSICOLOGÍA,0,34,34,0
11,Roberto Copa,1,INTRODUCCIÓN A LA PSICOLOGÍA,1,Resumen: INTRODUCCIÓN A LA PSICOLOGÍA,0,33,36,3
11,Roberto Copa,1,INTRODUCCIÓN A LA PSICOLOGÍA,1,Resumen: INTRODUCCIÓN A LA PSICOLOGÍA,0,35,43,8
11,Roberto Copa,1,INTRODUCCIÓN A LA PSICOLOGÍA,1,Resumen: INTRODUCCIÓN A LA PSICOLOGÍA,1,44,76,32
11,Roberto Copa,1,INTRODUCCIÓN A LA PSICOLOGÍA,1,Resumen: INTRODUCCIÓN A LA PSICOLOGÍA,1,33,72,39
11,Roberto Copa,1,INTRODUCCIÓN A LA PSICOLOGÍA,1,Resumen: INTRODUCCIÓN A LA PSICOLOGÍA,0,46,55,9
11,Roberto Copa,1,INTRODUCCIÓN A LA PSICOLOGÍA,1,Resumen: INTRODUCCIÓN A LA PSICOLOGÍA,0,40,47,7
11,Roberto Copa,1,INTRODUCCIÓN A LA PSICOLOGÍA,1,Resumen: INTRODUCCIÓN A LA PSICOLOGÍA,0,49,57,8
12,Valeria Silva,1,INTRODUCCIÓN A LA PSICOLOGÍA,1,Resumen: INTRODUCCIÓN A LA PSICOLOGÍA,0,43,51,8
12,Valeria Silva,1,INTRODUCCIÓN A LA PSICOLOGÍA,1,Resumen: INTRODUCCIÓN A LA PSICOLOGÍA,0,44,51,7
12,Valeria Silva,1,INTRODUCCIÓN A LA PSICOLOGÍA,1,Resumen: INTRODUCCIÓN A LA PSICOLOGÍA,1,44,76,32
12,Valeria Silva,1,INTRODUCCIÓN A LA PSICOLOGÍA,1,Resumen: INTRODUCCIÓN A LA PSICOLOGÍA,1,50,90,40
12,Valeria Silva,1,INTRODUCCIÓN A LA PSICOLOGÍA,1,Resumen: INTRODUCCIÓN A LA PSICOLOGÍA,1,50,89,39
12,Valeria Silva,1,INTRODUCCIÓN A LA PSICOLOGÍA,1,Resumen: INTRODUCCIÓN A LA PSICOLOGÍA,0,32,35,3
12,Valeria Silva,1,INTRODUCCIÓN A LA PSICOLOGÍA,1,Resumen: INTRODUCCIÓN A LA PSICOLOGÍA,1,38,65,27
12,Valeria Silva,1,INTRODUCCIÓN A LA PSICOLOGÍA,1,Resumen: INTRODUCCIÓN A LA PSICOLOGÍA,1,34,71,37
12,Valeria Silva,1,INTRODUCCIÓN A LA PSICOLOGÍA,1,Resumen: INTRODUCCIÓN A LA PSICOLOGÍA,0,34,35,1
12,Valeria Silva,1,INTRODUCCIÓN A LA PSICOLOGÍA,1,Resumen: INTRODUCCIÓN A LA PSICOLOGÍA,1,43,82,39
12,Valeria Silva,1,INTRODUCCIÓN A LA PSICOLOGÍA,1,Resumen: INTRODUCCIÓN A LA PSICOLOGÍA,1,43,81,38
12,Valeria Silva,1,INTRODUCCIÓN A LA PSICOLOGÍA,1,Resumen: INTRODUCCIÓN A LA PSICOLOGÍA,0,42,51,9
12,Valeria Silva,1,INTRODUCCIÓN A LA PSICOLOGÍA,1,Resumen: INTRODUCCIÓN A LA PSICOLOGÍA,0,30,39,9
12,Valeria Silva,1,INTRODUCCIÓN A LA PSICOLOGÍA,1,Resumen: INTRODUCCIÓN A LA PSICOLOGÍA,1,42,78,36
12,Valeria Silva,1,INTRODUCCIÓN A LA PSICOLOGÍA,1,Resumen: INTRODUCCIÓN A LA PSICOLOGÍA,0,39,45,6
13,Andrés Vargas,1,INTRODUCCIÓN A LA PSICOLOGÍA,1,Resumen: INTRODUCCIÓN A LA PSICOLOGÍA,0,47,55,8
13,Andrés Vargas,1,INTRODUCCIÓN A LA PSICOLOGÍA,1,Resumen: INTRODUCCIÓN A LA PSICOLOGÍA,0,49,56,7
13,Andrés Vargas,1,INTRODUCCIÓN A LA PSICOLOGÍA,1,Resumen: INTRODUCCIÓN A LA PSICOLOGÍA,1,37,77,40
13,Andrés Vargas,1,INTRODUCCIÓN A LA PSICOLOGÍA,1,Resumen: INTRODUCCIÓN A LA PSICOLOGÍA,1,30,67,37
13,Andrés Vargas,1,INTRODUCCIÓN A LA PSICOLOGÍA,1,Resumen: INTRODUCCIÓN A LA PSICOLOGÍA,0,35,37,2
13,Andrés Vargas,1,INTRODUCCIÓN A LA PSICOLOGÍA,1,Resumen: INTRODUCCIÓN A LA PSICOLOGÍA,0,49,55,6
13,Andrés Vargas,1,INTRODUCCIÓN A LA PSICOLOGÍA,1,Resumen: INTRODUCCIÓN A LA PSICOLOGÍA,0,48,48,0
13,Andrés Vargas,1,INTRODUCCIÓN A LA PSICOLOGÍA,1,Resumen: INTRODUCCIÓN A LA PSICOLOGÍA,0,32,34,2
13,Andrés Vargas,1,INTRODUCCIÓN A LA PSICOLOGÍA,1,Resumen: INTRODUCCIÓN A LA PSICOLOGÍA,1,44,77,33
13,Andrés Vargas,1,INTRODUCCIÓN A LA PSICOLOGÍA,1,Resumen: INTRODUCCIÓN A LA PSICOLOGÍA,1,42,81,39
13,Andrés Vargas,1,INTRODUCCIÓN A LA PSICOLOGÍA,1,Resumen: INTRODUCCIÓN A LA PSICOLOGÍA,1,40,77,37
13,Andrés Vargas,1,INTRODUCCIÓN A LA PSICOLOGÍA,1,Resumen: INTRODUCCIÓN A LA PSICOLOGÍA,0,38,44,6
13,Andrés Vargas,1,INTRODUCCIÓN A LA PSICOLOGÍA,1,Resumen: INTRODUCCIÓN A LA PSICOLOGÍA,0,38,45,7
13,Andrés Vargas,1,INTRODUCCIÓN A LA PSICOLOGÍA,1,Resumen: INTRODUCCIÓN A LA PSICOLOGÍA,0,30,30,0
13,Andrés Vargas,1,INTRODUCCIÓN A LA PSICOLOGÍA,1,Resumen: INTRODUCCIÓN A LA PSICOLOGÍA,1,41,68,27
14,Daniela Ramos,1,INTRODUCCIÓN A LA PSICOLOGÍA,1,Resumen: INTRODUCCIÓN A LA PSICOLOGÍA,1,50,75,25
14,Daniela Ramos,1,INTRODUCCIÓN A LA PSICOLOGÍA,1,Resumen: INTRODUCCIÓN A LA PSICOLOGÍA,1,37,62,25
14,Daniela Ramos,1,INTRODUCCIÓN A LA PSICOLOGÍA,1,Resumen: INTRODUCCIÓN A LA PSICOLOGÍA,1,49,78,29
14,Daniela Ramos,1,INTRODUCCIÓN A LA PSICOLOGÍA,1,Resumen: INTRODUCCIÓN A LA PSICOLOGÍA,0,45,54,9
14,Daniela Ramos,1,INTRODUCCIÓN A LA PSICOLOGÍA,1,Resumen: INTRODUCCIÓN A LA PSICOLOGÍA,1,36,69,33
14,Daniela Ramos,1,INTRODUCCIÓN A LA PSICOLOGÍA,1,Resumen: INTRODUCCIÓN A LA PSICOLOGÍA,1,41,69,28
14,Daniela Ramos,1,INTRODUCCIÓN A LA PSICOLOGÍA,1,Resumen: INTRODUCCIÓN A LA PSICOLOGÍA,0,35,36,1
14,Daniela Ramos,1,INTRODUCCIÓN A LA PSICOLOGÍA,1,Resumen: INTRODUCCIÓN A LA PSICOLOGÍA,1,48,82,34
14,Daniela Ramos,1,INTRODUCCIÓN A LA PSICOLOGÍA,1,Resumen: INTRODUCCIÓN A LA PSICOLOGÍA,0,48,54,6
14,Daniela Ramos,1,INTRODUCCIÓN A LA PSICOLOGÍA,1,Resumen: INTRODUCCIÓN A LA PSICOLOGÍA,0,42,45,3
14,Daniela Ramos,1,INTRODUCCIÓN A LA PSICOLOGÍA,1,Resumen: INTRODUCCIÓN A LA PSICOLOGÍA,0,32,42,10
14,Daniela Ramos,1,INTRODUCCIÓN A LA PSICOLOGÍA,1,Resumen: INTRODUCCIÓN A LA PSICOLOGÍA,1,37,71,34
14,Daniela Ramos,1,INTRODUCCIÓN A LA PSICOLOGÍA,1,Resumen: INTRODUCCIÓN A LA PSICOLOGÍA,0,49,58,9
14,Daniela Ramos,1,INTRODUCCIÓN A LA PSICOLOGÍA,1,Resumen: INTRODUCCIÓN A LA PSICOLOGÍA,1,31,69,38
14,Daniela Ramos,1,INTRODUCCIÓN A LA PSICOLOGÍA,1,Resumen: INTRODUCCIÓN A LA PSICOLOGÍA,1,41,76,35
15,Gabriel Llanque,1,INTRODUCCIÓN A LA PSICOLOGÍA,1,Resumen: INTRODUCCIÓN A LA PSICOLOGÍA,0,30,37,7
15,Gabriel Llanque,1,INTRODUCCIÓN A LA PSICOLOGÍA,1,Resumen: INTRODUCCIÓN A LA PSICOLOGÍA,1,33,69,36
15,Gabriel Llanque,1,INTRODUCCIÓN A LA PSICOLOGÍA,1,Resumen: INTRODUCCIÓN A LA PSICOLOGÍA,0,50,57,7
15,Gabriel Llanque,1,INTRODUCCIÓN A LA PSICOLOGÍA,1,Resumen: INTRODUCCIÓN A LA PSICOLOGÍA,1,34,67,33
15,Gabriel Llanque,1,INTRODUCCIÓN A LA PSICOLOGÍA,1,Resumen: INTRODUCCIÓN A LA PSICOLOGÍA,0,49,57,8
15,Gabriel Llanque,1,INTRODUCCIÓN A LA PSICOLOGÍA,1,Resumen: INTRODUCCIÓN A LA PSICOLOGÍA,1,45,78,33
15,Gabriel Llanque,1,INTRODUCCIÓN A LA PSICOLOGÍA,1,Resumen: INTRODUCCIÓN A LA PSICOLOGÍA,0,40,41,1
15,Gabriel Llanque,1,INTRODUCCIÓN A LA PSICOLOGÍA,1,Resumen: INTRODUCCIÓN A LA PSICOLOGÍA,0,38,41,3
15,Gabriel Llanque,1,INTRODUCCIÓN A LA PSICOLOGÍA,1,Resumen: INTRODUCCIÓN A LA PSICOLOGÍA,0,44,54,10
15,Gabriel Llanque,1,INTRODUCCIÓN A LA PSICOLOGÍA,1,Resumen: INTRODUCCIÓN A LA PSICOLOGÍA,1,42,82,40
15,Gabriel Llanque,1,INTRODUCCIÓN A LA PSICOLOGÍA,1,Resumen: INTRODUCCIÓN A LA PSICOLOGÍA,1,40,71,31
15,Gabriel Llanque,1,INTRODUCCIÓN A LA PSICOLOGÍA,1,Resumen: INTRODUCCIÓN A LA PSICOLOGÍA,0,41,46,5
15,Gabriel Llanque,1,INTRODUCCIÓN A LA PSICOLOGÍA,1,Resumen: INTRODUCCIÓN A LA PSICOLOGÍA,0,38,42,4
15,Gabriel Llanque,1,INTRODUCCIÓN A LA PSICOLOGÍA,1,Resumen: INTRODUCCIÓN A LA PSICOLOGÍA,1,47,78,31
15,Gabriel Llanque,1,INTRODUCCIÓN A LA PSICOLOGÍA,1,Resumen: INTRODUCCIÓN A LA PSICOLOGÍA,1,32,70,38
16,Patricia Salinas,1,INTRODUCCIÓN A LA PSICOLOGÍA,1,Resumen: INTRODUCCIÓN A LA PSICOLOGÍA,0,45,48,3
16,Patricia Salinas,1,INTRODUCCIÓN A LA PSICOLOGÍA,1,Resumen: INTRODUCCIÓN A LA PSICOLOGÍA,0,45,52,7
16,Patricia Salinas,1,INTRODUCCIÓN A LA PSICOLOGÍA,1,Resumen: INTRODUCCIÓN A LA PSICOLOGÍA,0,44,45,1
16,Patricia Salinas,1,INTRODUCCIÓN A LA PSICOLOGÍA,1,Resumen: INTRODUCCIÓN A LA PSICOLOGÍA,1,39,71,32
16,Patricia Salinas,1,INTRODUCCIÓN A LA PSICOLOGÍA,1,Resumen: INTRODUCCIÓN A LA PSICOLOGÍA,0,39,44,5
16,Patricia Salinas,1,INTRODUCCIÓN A LA PSICOLOGÍA,1,Resumen: INTRODUCCIÓN A LA PSICOLOGÍA,0,45,50,5
16,Patricia Salinas,1,INTRODUCCIÓN A LA PSICOLOGÍA,1,Resumen: INTRODUCCIÓN A LA PSICOLOGÍA,0,43,51,8
16,Patricia Salinas,1,INTRODUCCIÓN A LA PSICOLOGÍA,1,Resumen: INTRODUCCIÓN A LA PSICOLOGÍA,1,40,79,39
16,Patricia Salinas,1,INTRODUCCIÓN A LA PSICOLOGÍA,1,Resumen: INTRODUCCIÓN A LA PSICOLOGÍA,1,38,70,32
16,Patricia Salinas,1,INTRODUCCIÓN A LA PSICOLOGÍA,1,Resumen: INTRODUCCIÓN A LA PSICOLOGÍA,0,33,38,5
16,Patricia Salinas,1,INTRODUCCIÓN A LA PSICOLOGÍA,1,Resumen: INTRODUCCIÓN A LA PSICOLOGÍA,0,33,35,2
16,Patricia Salinas,1,INTRODUCCIÓN A LA PSICOLOGÍA,1,Resumen: INTRODUCCIÓN A LA PSICOLOGÍA,1,36,76,40
16,Patricia Salinas,1,INTRODUCCIÓN A LA PSICOLOGÍA,1,Resumen: INTRODUCCIÓN A LA PSICOLOGÍA,0,38,46,8
16,Patricia Salinas,1,INTRODUCCIÓN A LA PSICOLOGÍA,1,Resumen: INTRODUCCIÓN A LA PSICOLOGÍA,1,49,77,28
16,Patricia Salinas,1,INTRODUCCIÓN A LA PSICOLOGÍA,1,Resumen: INTRODUCCIÓN A LA PSICOLOGÍA,1,36,72,36
17,Mateo Chipana,1,INTRODUCCIÓN A LA PSICOLOGÍA,1,Resumen: INTRODUCCIÓN A LA PSICOLOGÍA,1,35,64,29
17,Mateo Chipana,1,INTRODUCCIÓN A LA PSICOLOGÍA,1,Resumen: INTRODUCCIÓN A LA PSICOLOGÍA,1,38,64,26
17,Mateo Chipana,1,INTRODUCCIÓN A LA PSICOLOGÍA,1,Resumen: INTRODUCCIÓN A LA PSICOLOGÍA,1,47,76,29
17,Mateo Chipana,1,INTRODUCCIÓN A LA PSICOLOGÍA,1,Resumen: INTRODUCCIÓN A LA PSICOLOGÍA,0,50,57,7
17,Mateo Chipana,1,INTRODUCCIÓN A LA PSICOLOGÍA,1,Resumen: INTRODUCCIÓN A LA PSICOLOGÍA,0,33,42,9
17,Mateo Chipana,1,INTRODUCCIÓN A LA PSICOLOGÍA,1,Resumen: INTRODUCCIÓN A LA PSICOLOGÍA,1,39,78,39
17,Mateo Chipana,1,INTRODUCCIÓN A LA PSICOLOGÍA,1,Resumen: INTRODUCCIÓN A LA PSICOLOGÍA,1,40,66,26
17,Mateo Chipana,1,INTRODUCCIÓN A LA PSICOLOGÍA,1,Resumen: INTRODUCCIÓN A LA PSICOLOGÍA,0,38,45,7
17,Mateo Chipana,1,INTRODUCCIÓN A LA PSICOLOGÍA,1,Resumen: INTRODUCCIÓN A LA PSICOLOGÍA,0,33,39,6
17,Mateo Chipana,1,INTRODUCCIÓN A LA PSICOLOGÍA,1,Resumen: INTRODUCCIÓN A LA PSICOLOGÍA,1,45,71,26
17,Mateo Chipana,1,INTRODUCCIÓN A LA PSICOLOGÍA,1,Resumen: INTRODUCCIÓN A LA PSICOLOGÍA,1,34,68,34
17,Mateo Chipana,1,INTRODUCCIÓN A LA PSICOLOGÍA,1,Resumen: INTRODUCCIÓN A LA PSICOLOGÍA,0,32,33,1
17,Mateo Chipana,1,INTRODUCCIÓN A LA PSICOLOGÍA,1,Resumen: INTRODUCCIÓN A LA PSICOLOGÍA,0,47,56,9
17,Mateo Chipana,1,INTRODUCCIÓN A LA PSICOLOGÍA,1,Resumen: INTRODUCCIÓN A LA PSICOLOGÍA,0,49,52,3
17,Mateo Chipana,1,INTRODUCCIÓN A LA PSICOLOGÍA,1,Resumen: INTRODUCCIÓN A LA PSICOLOGÍA,1,46,85,39
18,Isabella Cárdenas,1,INTRODUCCIÓN A LA PSICOLOGÍA,1,Resumen: INTRODUCCIÓN A LA PSICOLOGÍA,0,39,45,6
18,Isabella Cárdenas,1,INTRODUCCIÓN A LA PSICOLOGÍA,1,Resumen: INTRODUCCIÓN A LA PSICOLOGÍA,0,39,39,0
18,Isabella Cárdenas,1,INTRODUCCIÓN A LA PSICOLOGÍA,1,Resumen: INTRODUCCIÓN A LA PSICOLOGÍA,0,49,50,1
18,Isabella Cárdenas,1,INTRODUCCIÓN A LA PSICOLOGÍA,1,Resumen: INTRODUCCIÓN A LA PSICOLOGÍA,0,36,40,4
18,Isabella Cárdenas,1,INTRODUCCIÓN A LA PSICOLOGÍA,1,Resumen: INTRODUCCIÓN A LA PSICOLOGÍA,1,32,62,30
18,Isabella Cárdenas,1,INTRODUCCIÓN A LA PSICOLOGÍA,1,Resumen: INTRODUCCIÓN A LA PSICOLOGÍA,1,47,72,25
18,Isabella Cárdenas,1,INTRODUCCIÓN A LA PSICOLOGÍA,1,Resumen: INTRODUCCIÓN A LA PSICOLOGÍA,1,43,83,40
18,Isabella Cárdenas,1,INTRODUCCIÓN A LA PSICOLOGÍA,1,Resumen: INTRODUCCIÓN A LA PSICOLOGÍA,1,39,73,34
18,Isabella Cárdenas,1,INTRODUCCIÓN A LA PSICOLOGÍA,1,Resumen: INTRODUCCIÓN A LA PSICOLOGÍA,0,39,46,7
18,Isabella Cárdenas,1,INTRODUCCIÓN A LA PSICOLOGÍA,1,Resumen: INTRODUCCIÓN A LA PSICOLOGÍA,0,32,36,4
18,Isabella Cárdenas,1,INTRODUCCIÓN A LA PSICOLOGÍA,1,Resumen: INTRODUCCIÓN A LA PSICOLOGÍA,0,50,53,3
18,Isabella Cárdenas,1,INTRODUCCIÓN A LA PSICOLOGÍA,1,Resumen: INTRODUCCIÓN A LA PSICOLOGÍA,1,43,75,32
18,Isabella Cárdenas,1,INTRODUCCIÓN A LA PSICOLOGÍA,1,Resumen: INTRODUCCIÓN A LA PSICOLOGÍA,1,50,83,33
18,Isabella Cárdenas,1,INTRODUCCIÓN A LA PSICOLOGÍA,1,Resumen: INTRODUCCIÓN A LA PSICOLOGÍA,1,34,64,30
18,Isabella Cárdenas,1,INTRODUCCIÓN A LA PSICOLOGÍA,1,Resumen: INTRODUCCIÓN A LA PSICOLOGÍA,0,39,48,9
19,Sebastián Machaca,1,INTRODUCCIÓN A LA PSICOLOGÍA,1,Resumen: INTRODUCCIÓN A LA PSICOLOGÍA,1,39,78,39
19,Sebastián Machaca,1,INTRODUCCIÓN A LA PSICOLOGÍA,1,Resumen: INTRODUCCIÓN A LA PSICOLOGÍA,0,39,43,4
19,Sebastián Machaca,1,INTRODUCCIÓN A LA PSICOLOGÍA,1,Resumen: INTRODUCCIÓN A LA PSICOLOGÍA,0,46,53,7
19,Sebastián Machaca,1,INTRODUCCIÓN A LA PSICOLOGÍA,1,Resumen: INTRODUCCIÓN A LA PSICOLOGÍA,0,32,38,6
19,Sebastián Machaca,1,INTRODUCCIÓN A LA PSICOLOGÍA,1,Resumen: INTRODUCCIÓN A LA PSICOLOGÍA,0,40,40,0
19,Sebastián Machaca,1,INTRODUCCIÓN A LA PSICOLOGÍA,1,Resumen: INTRODUCCIÓN A LA PSICOLOGÍA,1,32,57,25
19,Sebastián Machaca,1,INTRODUCCIÓN A LA PSICOLOGÍA,1,Resumen: INTRODUCCIÓN A LA PSICOLOGÍA,0,38,40,2
19,Sebastián Machaca,1,INTRODUCCIÓN A LA PSICOLOGÍA,1,Resumen: INTRODUCCIÓN A LA PSICOLOGÍA,0,45,52,7
19,Sebastián Machaca,1,INTRODUCCIÓN A LA PSICOLOGÍA,1,Resumen: INTRODUCCIÓN A LA PSICOLOGÍA,1,38,76,38
19,Sebastián Machaca,1,INTRODUCCIÓN A LA PSICOLOGÍA,1,Resumen: INTRODUCCIÓN A LA PSICOLOGÍA,0,50,51,1
19,Sebastián Machaca,1,INTRODUCCIÓN A LA PSICOLOGÍA,1,Resumen: INTRODUCCIÓN A LA PSICOLOGÍA,1,45,80,35
19,Sebastián Machaca,1,INTRODUCCIÓN A LA PSICOLOGÍA,1,Resumen: INTRODUCCIÓN A LA PSICOLOGÍA,0,40,42,2
19,Sebastián Machaca,1,INTRODUCCIÓN A LA PSICOLOGÍA,1,Resumen: INTRODUCCIÓN A LA PSICOLOGÍA,1,40,80,40
19,Sebastián Machaca,1,INTRODUCCIÓN A LA PSICOLOGÍA,1,Resumen: INTRODUCCIÓN A LA PSICOLOGÍA,0,39,45,6
19,Sebastián Machaca,1,INTRODUCCIÓN A LA PSICOLOGÍA,1,Resumen: INTRODUCCIÓN A LA PSICOLOGÍA,1,47,74,27
20,Renata Zárate,1,INTRODUCCIÓN A LA PSICOLOGÍA,1,Resumen: INTRODUCCIÓN A LA PSICOLOGÍA,1,40,68,28
20,Renata Zárate,1,INTRODUCCIÓN A LA PSICOLOGÍA,1,Resumen: INTRODUCCIÓN A LA PSICOLOGÍA,0,42,42,0
20,Renata Zárate,1,INTRODUCCIÓN A LA PSICOLOGÍA,1,Resumen: INTRODUCCIÓN A LA PSICOLOGÍA,1,47,73,26
20,Renata Zárate,1,INTRODUCCIÓN A LA PSICOLOGÍA,1,Resumen: INTRODUCCIÓN A LA PSICOLOGÍA,0,36,45,9
20,Renata Zárate,1,INTRODUCCIÓN A LA PSICOLOGÍA,1,Resumen: INTRODUCCIÓN A LA PSICOLOGÍA,0,45,45,0
20,Renata Zárate,1,INTRODUCCIÓN A LA PSICOLOGÍA,1,Resumen: INTRODUCCIÓN A LA PSICOLOGÍA,1,36,65,29
20,Renata Zárate,1,INTRODUCCIÓN A LA PSICOLOGÍA,1,Resumen: INTRODUCCIÓN A LA PSICOLOGÍA,1,39,79,40
20,Renata Zárate,1,INTRODUCCIÓN A LA PSICOLOGÍA,1,Resumen: INTRODUCCIÓN A LA PSICOLOGÍA,1,33,65,32
20,Renata Zárate,1,INTRODUCCIÓN A LA PSICOLOGÍA,1,Resumen: INTRODUCCIÓN A LA PSICOLOGÍA,1,35,60,25
20,Renata Zárate,1,INTRODUCCIÓN A LA PSICOLOGÍA,1,Resumen: INTRODUCCIÓN A LA PSICOLOGÍA,1,47,79,32
20,Renata Zárate,1,INTRODUCCIÓN A LA PSICOLOGÍA,1,Resumen: INTRODUCCIÓN A LA PSICOLOGÍA,1,33,61,28
20,Renata Zárate,1,INTRODUCCIÓN A LA PSICOLOGÍA,1,Resumen: INTRODUCCIÓN A LA PSICOLOGÍA,0,50,57,7
20,Renata Zárate,1,INTRODUCCIÓN A LA PSICOLOGÍA,1,Resumen: INTRODUCCIÓN A LA PSICOLOGÍA,0,39,43,4
20,Renata Zárate,1,INTRODUCCIÓN A LA PSICOLOGÍA,1,Resumen: INTRODUCCIÓN A LA PSICOLOGÍA,0,43,50,7
20,Renata Zárate,1,INTRODUCCIÓN A LA PSICOLOGÍA,1,Resumen: INTRODUCCIÓN A LA PSICOLOGÍA,1,37,66,29
1,Juan Pérez,2,REALIDAD NACIONAL Y SALUD MENTAL,2,Resumen: REALIDAD NACIONAL Y SALUD MENTAL,1,42,71,29
1,Juan Pérez,2,REALIDAD NACIONAL Y SALUD MENTAL,2,Resumen: REALIDAD NACIONAL Y SALUD MENTAL,1,32,70,38
1,Juan Pérez,2,REALIDAD NACIONAL Y SALUD MENTAL,2,Resumen: REALIDAD NACIONAL Y SALUD MENTAL,0,40,48,8
1,Juan Pérez,2,REALIDAD NACIONAL Y SALUD MENTAL,2,Resumen: REALIDAD NACIONAL Y SALUD MENTAL,0,38,42,4
1,Juan Pérez,2,REALIDAD NACIONAL Y SALUD MENTAL,2,Resumen: REALIDAD NACIONAL Y SALUD MENTAL,0,39,48,9
1,Juan Pérez,2,REALIDAD NACIONAL Y SALUD MENTAL,2,Resumen: REALIDAD NACIONAL Y SALUD MENTAL,0,45,52,7
1,Juan Pérez,2,REALIDAD NACIONAL Y SALUD MENTAL,2,Resumen: REALIDAD NACIONAL Y SALUD MENTAL,1,47,82,35
1,Juan Pérez,2,REALIDAD NACIONAL Y SALUD MENTAL,2,Resumen: REALIDAD NACIONAL Y SALUD MENTAL,0,47,53,6
1,Juan Pérez,2,REALIDAD NACIONAL Y SALUD MENTAL,2,Resumen: REALIDAD NACIONAL Y SALUD MENTAL,0,44,47,3
1,Juan Pérez,2,REALIDAD NACIONAL Y SALUD MENTAL,2,Resumen: REALIDAD NACIONAL Y SALUD MENTAL,0,37,40,3
1,Juan Pérez,2,REALIDAD NACIONAL Y SALUD MENTAL,2,Resumen: REALIDAD NACIONAL Y SALUD MENTAL,1,43,83,40
1,Juan Pérez,2,REALIDAD NACIONAL Y SALUD MENTAL,2,Resumen: REALIDAD NACIONAL Y SALUD MENTAL,1,42,71,29
1,Juan Pérez,2,REALIDAD NACIONAL Y SALUD MENTAL,2,Resumen: REALIDAD NACIONAL Y SALUD MENTAL,0,45,47,2
1,Juan Pérez,2,REALIDAD NACIONAL Y SALUD MENTAL,2,Resumen: REALIDAD NACIONAL Y SALUD MENTAL,0,46,51,5
1,Juan Pérez,2,REALIDAD NACIONAL Y SALUD MENTAL,2,Resumen: REALIDAD NACIONAL Y SALUD MENTAL,0,33,40,7
2,María Quispe,2,REALIDAD NACIONAL Y SALUD MENTAL,2,Resumen: REALIDAD NACIONAL Y SALUD MENTAL,0,33,40,7
2,María Quispe,2,REALIDAD NACIONAL Y SALUD MENTAL,2,Resumen: REALIDAD NACIONAL Y SALUD MENTAL,0,30,36,6
2,María Quispe,2,REALIDAD NACIONAL Y SALUD MENTAL,2,Resumen: REALIDAD NACIONAL Y SALUD MENTAL,0,50,51,1
2,María Quispe,2,REALIDAD NACIONAL Y SALUD MENTAL,2,Resumen: REALIDAD NACIONAL Y SALUD MENTAL,0,45,49,4
2,María Quispe,2,REALIDAD NACIONAL Y SALUD MENTAL,2,Resumen: REALIDAD NACIONAL Y SALUD MENTAL,0,40,46,6
2,María Quispe,2,REALIDAD NACIONAL Y SALUD MENTAL,2,Resumen: REALIDAD NACIONAL Y SALUD MENTAL,1,50,85,35
2,María Quispe,2,REALIDAD NACIONAL Y SALUD MENTAL,2,Resumen: REALIDAD NACIONAL Y SALUD MENTAL,1,47,82,35
2,María Quispe,2,REALIDAD NACIONAL Y SALUD MENTAL,2,Resumen: REALIDAD NACIONAL Y SALUD MENTAL,0,50,57,7
2,María Quispe,2,REALIDAD NACIONAL Y SALUD MENTAL,2,Resumen: REALIDAD NACIONAL Y SALUD MENTAL,1,47,74,27
2,María Quispe,2,REALIDAD NACIONAL Y SALUD MENTAL,2,Resumen: REALIDAD NACIONAL Y SALUD MENTAL,0,37,41,4
2,María Quispe,2,REALIDAD NACIONAL Y SALUD MENTAL,2,Resumen: REALIDAD NACIONAL Y SALUD MENTAL,0,37,43,6
2,María Quispe,2,REALIDAD NACIONAL Y SALUD MENTAL,2,Resumen: REALIDAD NACIONAL Y SALUD MENTAL,0,33,34,1
2,María Quispe,2,REALIDAD NACIONAL Y SALUD MENTAL,2,Resumen: REALIDAD NACIONAL Y SALUD MENTAL,1,44,78,34
2,María Quispe,2,REALIDAD NACIONAL Y SALUD MENTAL,2,Resumen: REALIDAD NACIONAL Y SALUD MENTAL,1,30,56,26
2,María Quispe,2,REALIDAD NACIONAL Y SALUD MENTAL,2,Resumen: REALIDAD NACIONAL Y SALUD MENTAL,1,39,77,38
3,Luis Choque,2,REALIDAD NACIONAL Y SALUD MENTAL,2,Resumen: REALIDAD NACIONAL Y SALUD MENTAL,1,34,72,38
3,Luis Choque,2,REALIDAD NACIONAL Y SALUD MENTAL,2,Resumen: REALIDAD NACIONAL Y SALUD MENTAL,0,48,50,2
3,Luis Choque,2,REALIDAD NACIONAL Y SALUD MENTAL,2,Resumen: REALIDAD NACIONAL Y SALUD MENTAL,1,35,72,37
3,Luis Choque,2,REALIDAD NACIONAL Y SALUD MENTAL,2,Resumen: REALIDAD NACIONAL Y SALUD MENTAL,0,49,56,7
3,Luis Choque,2,REALIDAD NACIONAL Y SALUD MENTAL,2,Resumen: REALIDAD NACIONAL Y SALUD MENTAL,1,48,87,39
3,Luis Choque,2,REALIDAD NACIONAL Y SALUD MENTAL,2,Resumen: REALIDAD NACIONAL Y SALUD MENTAL,1,50,83,33
3,Luis Choque,2,REALIDAD NACIONAL Y SALUD MENTAL,2,Resumen: REALIDAD NACIONAL Y SALUD MENTAL,0,30,37,7
3,Luis Choque,2,REALIDAD NACIONAL Y SALUD MENTAL,2,Resumen: REALIDAD NACIONAL Y SALUD MENTAL,0,39,41,2
3,Luis Choque,2,REALIDAD NACIONAL Y SALUD MENTAL,2,Resumen: REALIDAD NACIONAL Y SALUD MENTAL,1,32,68,36
3,Luis Choque,2,REALIDAD NACIONAL Y SALUD MENTAL,2,Resumen: REALIDAD NACIONAL Y SALUD MENTAL,1,48,86,38
3,Luis Choque,2,REALIDAD NACIONAL Y SALUD MENTAL,2,Resumen: REALIDAD NACIONAL Y SALUD MENTAL,1,38,72,34
3,Luis Choque,2,REALIDAD NACIONAL Y SALUD MENTAL,2,Resumen: REALIDAD NACIONAL Y SALUD MENTAL,0,36,43,7
3,Luis Choque,2,REALIDAD NACIONAL Y SALUD MENTAL,2,Resumen: REALIDAD NACIONAL Y SALUD MENTAL,1,33,69,36
3,Luis Choque,2,REALIDAD NACIONAL Y SALUD MENTAL,2,Resumen: REALIDAD NACIONAL Y SALUD MENTAL,1,48,82,34
3,Luis Choque,2,REALIDAD NACIONAL Y SALUD MENTAL,2,Resumen: REALIDAD NACIONAL Y SALUD MENTAL,0,30,40,10
4,Sofía Condori,2,REALIDAD NACIONAL Y SALUD MENTAL,2,Resumen: REALIDAD NACIONAL Y SALUD MENTAL,1,42,68,26
4,Sofía Condori,2,REALIDAD NACIONAL Y SALUD MENTAL,2,Resumen: REALIDAD NACIONAL Y SALUD MENTAL,0,49,53,4
4,Sofía Condori,2,REALIDAD NACIONAL Y SALUD MENTAL,2,Resumen: REALIDAD NACIONAL Y SALUD MENTAL,0,37,42,5
4,Sofía Condori,2,REALIDAD NACIONAL Y SALUD MENTAL,2,Resumen: REALIDAD NACIONAL Y SALUD MENTAL,0,37,46,9
4,Sofía Condori,2,REALIDAD NACIONAL Y SALUD MENTAL,2,Resumen: REALIDAD NACIONAL Y SALUD MENTAL,0,38,48,10
4,Sofía Condori,2,REALIDAD NACIONAL Y SALUD MENTAL,2,Resumen: REALIDAD NACIONAL Y SALUD MENTAL,0,34,44,10
4,Sofía Condori,2,REALIDAD NACIONAL Y SALUD MENTAL,2,Resumen: REALIDAD NACIONAL Y SALUD MENTAL,1,50,89,39
4,Sofía Condori,2,REALIDAD NACIONAL Y SALUD MENTAL,2,Resumen: REALIDAD NACIONAL Y SALUD MENTAL,0,31,33,2
4,Sofía Condori,2,REALIDAD NACIONAL Y SALUD MENTAL,2,Resumen: REALIDAD NACIONAL Y SALUD MENTAL,0,32,37,5
4,Sofía Condori,2,REALIDAD NACIONAL Y SALUD MENTAL,2,Resumen: REALIDAD NACIONAL Y SALUD MENTAL,1,43,72,29
4,Sofía Condori,2,REALIDAD NACIONAL Y SALUD MENTAL,2,Resumen: REALIDAD NACIONAL Y SALUD MENTAL,0,47,52,5
4,Sofía Condori,2,REALIDAD NACIONAL Y SALUD MENTAL,2,Resumen: REALIDAD NACIONAL Y SALUD MENTAL,0,46,50,4
4,Sofía Condori,2,REALIDAD NACIONAL Y SALUD MENTAL,2,Resumen: REALIDAD NACIONAL Y SALUD MENTAL,1,35,75,40
4,Sofía Condori,2,REALIDAD NACIONAL Y SALUD MENTAL,2,Resumen: REALIDAD NACIONAL Y SALUD MENTAL,0,39,44,5
4,Sofía Condori,2,REALIDAD NACIONAL Y SALUD MENTAL,2,Resumen: REALIDAD NACIONAL Y SALUD MENTAL,1,33,60,27
5,Carlos Mamani,2,REALIDAD NACIONAL Y SALUD MENTAL,2,Resumen: REALIDAD NACIONAL Y SALUD MENTAL,0,34,37,3
5,Carlos Mamani,2,REALIDAD NACIONAL Y SALUD MENTAL,2,Resumen: REALIDAD NACIONAL Y SALUD MENTAL,0,42,50,8
5,Carlos Mamani,2,REALIDAD NACIONAL Y SALUD MENTAL,2,Resumen: REALIDAD NACIONAL Y SALUD MENTAL,1,41,78,37
5,Carlos Mamani,2,REALIDAD NACIONAL Y SALUD MENTAL,2,Resumen: REALIDAD NACIONAL Y SALUD MENTAL,1,30,58,28
5,Carlos Mamani,2,REALIDAD NACIONAL Y SALUD MENTAL,2,Resumen: REALIDAD NACIONAL Y SALUD MENTAL,1,44,77,33
5,Carlos Mamani,2,REALIDAD NACIONAL Y SALUD MENTAL,2,Resumen: REALIDAD NACIONAL Y SALUD MENTAL,1,48,84,36
5,Carlos Mamani,2,REALIDAD NACIONAL Y SALUD MENTAL,2,Resumen: REALIDAD NACIONAL Y SALUD MENTAL,0,33,40,7
5,Carlos Mamani,2,REALIDAD NACIONAL Y SALUD MENTAL,2,Resumen: REALIDAD NACIONAL Y SALUD MENTAL,0,30,38,8
5,Carlos Mamani,2,REALIDAD NACIONAL Y SALUD MENTAL,2,Resumen: REALIDAD NACIONAL Y SALUD MENTAL,0,40,43,3
5,Carlos Mamani,2,REALIDAD NACIONAL Y SALUD MENTAL,2,Resumen: REALIDAD NACIONAL Y SALUD MENTAL,1,50,89,39
5,Carlos Mamani,2,REALIDAD NACIONAL Y SALUD MENTAL,2,Resumen: REALIDAD NACIONAL Y SALUD MENTAL,0,39,40,1
5,Carlos Mamani,2,REALIDAD NACIONAL Y SALUD MENTAL,2,Resumen: REALIDAD NACIONAL Y SALUD MENTAL,1,34,60,26
5,Carlos Mamani,2,REALIDAD NACIONAL Y SALUD MENTAL,2,Resumen: REALIDAD NACIONAL Y SALUD MENTAL,0,39,40,1
5,Carlos Mamani,2,REALIDAD NACIONAL Y SALUD MENTAL,2,Resumen: REALIDAD NACIONAL Y SALUD MENTAL,1,33,62,29
5,Carlos Mamani,2,REALIDAD NACIONAL Y SALUD MENTAL,2,Resumen: REALIDAD NACIONAL Y SALUD MENTAL,1,42,80,38
6,Ana Torrez,2,REALIDAD NACIONAL Y SALUD MENTAL,2,Resumen: REALIDAD NACIONAL Y SALUD MENTAL,0,48,50,2
6,Ana Torrez,2,REALIDAD NACIONAL Y SALUD MENTAL,2,Resumen: REALIDAD NACIONAL Y SALUD MENTAL,0,43,50,7
6,Ana Torrez,2,REALIDAD NACIONAL Y SALUD MENTAL,2,Resumen: REALIDAD NACIONAL Y SALUD MENTAL,1,49,82,33
6,Ana Torrez,2,REALIDAD NACIONAL Y SALUD MENTAL,2,Resumen: REALIDAD NACIONAL Y SALUD MENTAL,0,31,34,3
6,Ana Torrez,2,REALIDAD NACIONAL Y SALUD MENTAL,2,Resumen: REALIDAD NACIONAL Y SALUD MENTAL,1,44,76,32
6,Ana Torrez,2,REALIDAD NACIONAL Y SALUD MENTAL,2,Resumen: REALIDAD NACIONAL Y SALUD MENTAL,1,41,77,36
6,Ana Torrez,2,REALIDAD NACIONAL Y SALUD MENTAL,2,Resumen: REALIDAD NACIONAL Y SALUD MENTAL,0,47,57,10
6,Ana Torrez,2,REALIDAD NACIONAL Y SALUD MENTAL,2,Resumen: REALIDAD NACIONAL Y SALUD MENTAL,1,41,74,33
6,Ana Torrez,2,REALIDAD NACIONAL Y SALUD MENTAL,2,Resumen: REALIDAD NACIONAL Y SALUD MENTAL,0,36,43,7
6,Ana Torrez,2,REALIDAD NACIONAL Y SALUD MENTAL,2,Resumen: REALIDAD NACIONAL Y SALUD MENTAL,0,32,42,10
6,Ana Torrez,2,REALIDAD NACIONAL Y SALUD MENTAL,2,Resumen: REALIDAD NACIONAL Y SALUD MENTAL,0,50,50,0
6,Ana Torrez,2,REALIDAD NACIONAL Y SALUD MENTAL,2,Resumen: REALIDAD NACIONAL Y SALUD MENTAL,0,31,34,3
6,Ana Torrez,2,REALIDAD NACIONAL Y SALUD MENTAL,2,Resumen: REALIDAD NACIONAL Y SALUD MENTAL,0,34,37,3
6,Ana Torrez,2,REALIDAD NACIONAL Y SALUD MENTAL,2,Resumen: REALIDAD NACIONAL Y SALUD MENTAL,0,32,40,8
6,Ana Torrez,2,REALIDAD NACIONAL Y SALUD MENTAL,2,Resumen: REALIDAD NACIONAL Y SALUD MENTAL,0,36,39,3
7,Diego Huanca,2,REALIDAD NACIONAL Y SALUD MENTAL,2,Resumen: REALIDAD NACIONAL Y SALUD MENTAL,0,40,49,9
7,Diego Huanca,2,REALIDAD NACIONAL Y SALUD MENTAL,2,Resumen: REALIDAD NACIONAL Y SALUD MENTAL,1,30,59,29
7,Diego Huanca,2,REALIDAD NACIONAL Y SALUD MENTAL,2,Resumen: REALIDAD NACIONAL Y SALUD MENTAL,0,34,36,2
7,Diego Huanca,2,REALIDAD NACIONAL Y SALUD MENTAL,2,Resumen: REALIDAD NACIONAL Y SALUD MENTAL,0,33,33,0
7,Diego Huanca,2,REALIDAD NACIONAL Y SALUD MENTAL,2,Resumen: REALIDAD NACIONAL Y SALUD MENTAL,1,34,66,32
7,Diego Huanca,2,REALIDAD NACIONAL Y SALUD MENTAL,2,Resumen: REALIDAD NACIONAL Y SALUD MENTAL,1,48,78,30
7,Diego Huanca,2,REALIDAD NACIONAL Y SALUD MENTAL,2,Resumen: REALIDAD NACIONAL Y SALUD MENTAL,1,38,76,38
7,Diego Huanca,2,REALIDAD NACIONAL Y SALUD MENTAL,2,Resumen: REALIDAD NACIONAL Y SALUD MENTAL,1,46,73,27
7,Diego Huanca,2,REALIDAD NACIONAL Y SALUD MENTAL,2,Resumen: REALIDAD NACIONAL Y SALUD MENTAL,1,45,81,36
7,Diego Huanca,2,REALIDAD NACIONAL Y SALUD MENTAL,2,Resumen: REALIDAD NACIONAL Y SALUD MENTAL,0,46,53,7
7,Diego Huanca,2,REALIDAD NACIONAL Y SALUD MENTAL,2,Resumen: REALIDAD NACIONAL Y SALUD MENTAL,1,46,72,26
7,Diego Huanca,2,REALIDAD NACIONAL Y SALUD MENTAL,2,Resumen: REALIDAD NACIONAL Y SALUD MENTAL,1,46,71,25
7,Diego Huanca,2,REALIDAD NACIONAL Y SALUD MENTAL,2,Resumen: REALIDAD NACIONAL Y SALUD MENTAL,0,31,37,6
7,Diego Huanca,2,REALIDAD NACIONAL Y SALUD MENTAL,2,Resumen: REALIDAD NACIONAL Y SALUD MENTAL,0,43,50,7
7,Diego Huanca,2,REALIDAD NACIONAL Y SALUD MENTAL,2,Resumen: REALIDAD NACIONAL Y SALUD MENTAL,1,44,71,27
8,Lucía Apaza,2,REALIDAD NACIONAL Y SALUD MENTAL,2,Resumen: REALIDAD NACIONAL Y SALUD MENTAL,0,40,41,1
8,Lucía Apaza,2,REALIDAD NACIONAL Y SALUD MENTAL,2,Resumen: REALIDAD NACIONAL Y SALUD MENTAL,1,34,69,35
8,Lucía Apaza,2,REALIDAD NACIONAL Y SALUD MENTAL,2,Resumen: REALIDAD NACIONAL Y SALUD MENTAL,0,42,50,8
8,Lucía Apaza,2,REALIDAD NACIONAL Y SALUD MENTAL,2,Resumen: REALIDAD NACIONAL Y SALUD MENTAL,1,39,77,38
8,Lucía Apaza,2,REALIDAD NACIONAL Y SALUD MENTAL,2,Resumen: REALIDAD NACIONAL Y SALUD MENTAL,0,33,34,1
8,Lucía Apaza,2,REALIDAD NACIONAL Y SALUD MENTAL,2,Resumen: REALIDAD NACIONAL Y SALUD MENTAL,0,50,58,8
8,Lucía Apaza,2,REALIDAD NACIONAL Y SALUD MENTAL,2,Resumen: REALIDAD NACIONAL Y SALUD MENTAL,1,36,68,32
8,Lucía Apaza,2,REALIDAD NACIONAL Y SALUD MENTAL,2,Resumen: REALIDAD NACIONAL Y SALUD MENTAL,1,43,82,39
8,Lucía Apaza,2,REALIDAD NACIONAL Y SALUD MENTAL,2,Resumen: REALIDAD NACIONAL Y SALUD MENTAL,1,42,70,28
8,Lucía Apaza,2,REALIDAD NACIONAL Y SALUD MENTAL,2,Resumen: REALIDAD NACIONAL Y SALUD MENTAL,1,40,73,33
8,Lucía Apaza,2,REALIDAD NACIONAL Y SALUD MENTAL,2,Resumen: REALIDAD NACIONAL Y SALUD MENTAL,0,41,51,10
8,Lucía Apaza,2,REALIDAD NACIONAL Y SALUD MENTAL,2,Resumen: REALIDAD NACIONAL Y SALUD MENTAL,1,45,72,27
8,Lucía Apaza,2,REALIDAD NACIONAL Y SALUD MENTAL,2,Resumen: REALIDAD NACIONAL Y SALUD MENTAL,1,32,68,36
8,Lucía Apaza,2,REALIDAD NACIONAL Y SALUD MENTAL,2,Resumen: REALIDAD NACIONAL Y SALUD MENTAL,0,34,43,9
8,Lucía Apaza,2,REALIDAD NACIONAL Y SALUD MENTAL,2,Resumen: REALIDAD NACIONAL Y SALUD MENTAL,0,47,57,10
9,Fernando Quispe,2,REALIDAD NACIONAL Y SALUD MENTAL,2,Resumen: REALIDAD NACIONAL Y SALUD MENTAL,1,33,71,38
9,Fernando Quispe,2,REALIDAD NACIONAL Y SALUD MENTAL,2,Resumen: REALIDAD NACIONAL Y SALUD MENTAL,0,31,40,9
9,Fernando Quispe,2,REALIDAD NACIONAL Y SALUD MENTAL,2,Resumen: REALIDAD NACIONAL Y SALUD MENTAL,1,39,70,31
9,Fernando Quispe,2,REALIDAD NACIONAL Y SALUD MENTAL,2,Resumen: REALIDAD NACIONAL Y SALUD MENTAL,0,34,37,3
9,Fernando Quispe,2,REALIDAD NACIONAL Y SALUD MENTAL,2,Resumen: REALIDAD NACIONAL Y SALUD MENTAL,1,33,69,36
9,Fernando Quispe,2,REALIDAD NACIONAL Y SALUD MENTAL,2,Resumen: REALIDAD NACIONAL Y SALUD MENTAL,0,33,42,9
9,Fernando Quispe,2,REALIDAD NACIONAL Y SALUD MENTAL,2,Resumen: REALIDAD NACIONAL Y SALUD MENTAL,0,37,45,8
9,Fernando Quispe,2,REALIDAD NACIONAL Y SALUD MENTAL,2,Resumen: REALIDAD NACIONAL Y SALUD MENTAL,0,49,59,10
9,Fernando Quispe,2,REALIDAD NACIONAL Y SALUD MENTAL,2,Resumen: REALIDAD NACIONAL Y SALUD MENTAL,1,47,80,33
9,Fernando Quispe,2,REALIDAD NACIONAL Y SALUD MENTAL,2,Resumen: REALIDAD NACIONAL Y SALUD MENTAL,1,30,64,34
9,Fernando Quispe,2,REALIDAD NACIONAL Y SALUD MENTAL,2,Resumen: REALIDAD NACIONAL Y SALUD MENTAL,1,40,70,30
9,Fernando Quispe,2,REALIDAD NACIONAL Y SALUD MENTAL,2,Resumen: REALIDAD NACIONAL Y SALUD MENTAL,0,34,40,6
9,Fernando Quispe,2,REALIDAD NACIONAL Y SALUD MENTAL,2,Resumen: REALIDAD NACIONAL Y SALUD MENTAL,1,32,57,25
9,Fernando Quispe,2,REALIDAD NACIONAL Y SALUD MENTAL,2,Resumen: REALIDAD NACIONAL Y SALUD MENTAL,0,32,35,3
9,Fernando Quispe,2,REALIDAD NACIONAL Y SALUD MENTAL,2,Resumen: REALIDAD NACIONAL Y SALUD MENTAL,1,42,77,35
10,Camila Mendoza,2,REALIDAD NACIONAL Y SALUD MENTAL,2,Resumen: REALIDAD NACIONAL Y SALUD MENTAL,1,35,70,35
10,Camila Mendoza,2,REALIDAD NACIONAL Y SALUD MENTAL,2,Resumen: REALIDAD NACIONAL Y SALUD MENTAL,0,48,48,0
10,Camila Mendoza,2,REALIDAD NACIONAL Y SALUD MENTAL,2,Resumen: REALIDAD NACIONAL Y SALUD MENTAL,1,34,60,26
10,Camila Mendoza,2,REALIDAD NACIONAL Y SALUD MENTAL,2,Resumen: REALIDAD NACIONAL Y SALUD MENTAL,1,32,70,38
10,Camila Mendoza,2,REALIDAD NACIONAL Y SALUD MENTAL,2,Resumen: REALIDAD NACIONAL Y SALUD MENTAL,0,45,51,6
10,Camila Mendoza,2,REALIDAD NACIONAL Y SALUD MENTAL,2,Resumen: REALIDAD NACIONAL Y SALUD MENTAL,1,38,66,28
10,Camila Mendoza,2,REALIDAD NACIONAL Y SALUD MENTAL,2,Resumen: REALIDAD NACIONAL Y SALUD MENTAL,1,41,75,34
10,Camila Mendoza,2,REALIDAD NACIONAL Y SALUD MENTAL,2,Resumen: REALIDAD NACIONAL Y SALUD MENTAL,1,48,82,34
10,Camila Mendoza,2,REALIDAD NACIONAL Y SALUD MENTAL,2,Resumen: REALIDAD NACIONAL Y SALUD MENTAL,1,31,57,26
10,Camila Mendoza,2,REALIDAD NACIONAL Y SALUD MENTAL,2,Resumen: REALIDAD NACIONAL Y SALUD MENTAL,1,30,61,31
10,Camila Mendoza,2,REALIDAD NACIONAL Y SALUD MENTAL,2,Resumen: REALIDAD NACIONAL Y SALUD MENTAL,0,34,38,4
10,Camila Mendoza,2,REALIDAD NACIONAL Y SALUD MENTAL,2,Resumen: REALIDAD NACIONAL Y SALUD MENTAL,1,40,80,40
10,Camila Mendoza,2,REALIDAD NACIONAL Y SALUD MENTAL,2,Resumen: REALIDAD NACIONAL Y SALUD MENTAL,1,43,80,37
10,Camila Mendoza,2,REALIDAD NACIONAL Y SALUD MENTAL,2,Resumen: REALIDAD NACIONAL Y SALUD MENTAL,0,47,55,8
10,Camila Mendoza,2,REALIDAD NACIONAL Y SALUD MENTAL,2,Resumen: REALIDAD NACIONAL Y SALUD MENTAL,0,47,52,5
11,Roberto Copa,2,REALIDAD NACIONAL Y SALUD MENTAL,2,Resumen: REALIDAD NACIONAL Y SALUD MENTAL,1,32,58,26
11,Roberto Copa,2,REALIDAD NACIONAL Y SALUD MENTAL,2,Resumen: REALIDAD NACIONAL Y SALUD MENTAL,1,43,70,27
11,Roberto Copa,2,REALIDAD NACIONAL Y SALUD MENTAL,2,Resumen: REALIDAD NACIONAL Y SALUD MENTAL,0,40,49,9
11,Roberto Copa,2,REALIDAD NACIONAL Y SALUD MENTAL,2,Resumen: REALIDAD NACIONAL Y SALUD MENTAL,0,42,48,6
11,Roberto Copa,2,REALIDAD NACIONAL Y SALUD MENTAL,2,Resumen: REALIDAD NACIONAL Y SALUD MENTAL,1,39,64,25
11,Roberto Copa,2,REALIDAD NACIONAL Y SALUD MENTAL,2,Resumen: REALIDAD NACIONAL Y SALUD MENTAL,1,40,79,39
11,Roberto Copa,2,REALIDAD NACIONAL Y SALUD MENTAL,2,Resumen: REALIDAD NACIONAL Y SALUD MENTAL,1,41,69,28
11,Roberto Copa,2,REALIDAD NACIONAL Y SALUD MENTAL,2,Resumen: REALIDAD NACIONAL Y SALUD MENTAL,1,37,74,37
11,Roberto Copa,2,REALIDAD NACIONAL Y SALUD MENTAL,2,Resumen: REALIDAD NACIONAL Y SALUD MENTAL,1,46,80,34
11,Roberto Copa,2,REALIDAD NACIONAL Y SALUD MENTAL,2,Resumen: REALIDAD NACIONAL Y SALUD MENTAL,1,40,70,30
11,Roberto Copa,2,REALIDAD NACIONAL Y SALUD MENTAL,2,Resumen: REALIDAD NACIONAL Y SALUD MENTAL,0,32,33,1
11,Roberto Copa,2,REALIDAD NACIONAL Y SALUD MENTAL,2,Resumen: REALIDAD NACIONAL Y SALUD MENTAL,0,46,51,5
11,Roberto Copa,2,REALIDAD NACIONAL Y SALUD MENTAL,2,Resumen: REALIDAD NACIONAL Y SALUD MENTAL,0,41,51,10
11,Roberto Copa,2,REALIDAD NACIONAL Y SALUD MENTAL,2,Resumen: REALIDAD NACIONAL Y SALUD MENTAL,1,34,63,29
11,Roberto Copa,2,REALIDAD NACIONAL Y SALUD MENTAL,2,Resumen: REALIDAD NACIONAL Y SALUD MENTAL,1,38,67,29
12,Valeria Silva,2,REALIDAD NACIONAL Y SALUD MENTAL,2,Resumen: REALIDAD NACIONAL Y SALUD MENTAL,1,50,90,40
12,Valeria Silva,2,REALIDAD NACIONAL Y SALUD MENTAL,2,Resumen: REALIDAD NACIONAL Y SALUD MENTAL,0,44,53,9
12,Valeria Silva,2,REALIDAD NACIONAL Y SALUD MENTAL,2,Resumen: REALIDAD NACIONAL Y SALUD MENTAL,0,44,53,9
12,Valeria Silva,2,REALIDAD NACIONAL Y SALUD MENTAL,2,Resumen: REALIDAD NACIONAL Y SALUD MENTAL,0,50,59,9
12,Valeria Silva,2,REALIDAD NACIONAL Y SALUD MENTAL,2,Resumen: REALIDAD NACIONAL Y SALUD MENTAL,0,40,50,10
12,Valeria Silva,2,REALIDAD NACIONAL Y SALUD MENTAL,2,Resumen: REALIDAD NACIONAL Y SALUD MENTAL,1,40,67,27
12,Valeria Silva,2,REALIDAD NACIONAL Y SALUD MENTAL,2,Resumen: REALIDAD NACIONAL Y SALUD MENTAL,1,45,79,34
12,Valeria Silva,2,REALIDAD NACIONAL Y SALUD MENTAL,2,Resumen: REALIDAD NACIONAL Y SALUD MENTAL,0,38,43,5
12,Valeria Silva,2,REALIDAD NACIONAL Y SALUD MENTAL,2,Resumen: REALIDAD NACIONAL Y SALUD MENTAL,1,46,85,39
12,Valeria Silva,2,REALIDAD NACIONAL Y SALUD MENTAL,2,Resumen: REALIDAD NACIONAL Y SALUD MENTAL,1,44,80,36
12,Valeria Silva,2,REALIDAD NACIONAL Y SALUD MENTAL,2,Resumen: REALIDAD NACIONAL Y SALUD MENTAL,1,39,66,27
12,Valeria Silva,2,REALIDAD NACIONAL Y SALUD MENTAL,2,Resumen: REALIDAD NACIONAL Y SALUD MENTAL,0,49,55,6
12,Valeria Silva,2,REALIDAD NACIONAL Y SALUD MENTAL,2,Resumen: REALIDAD NACIONAL Y SALUD MENTAL,0,44,44,0
12,Valeria Silva,2,REALIDAD NACIONAL Y SALUD MENTAL,2,Resumen: REALIDAD NACIONAL Y SALUD MENTAL,0,44,53,9
12,Valeria Silva,2,REALIDAD NACIONAL Y SALUD MENTAL,2,Resumen: REALIDAD NACIONAL Y SALUD MENTAL,1,50,90,40
13,Andrés Vargas,2,REALIDAD NACIONAL Y SALUD MENTAL,2,Resumen: REALIDAD NACIONAL Y SALUD MENTAL,1,46,72,26
13,Andrés Vargas,2,REALIDAD NACIONAL Y SALUD MENTAL,2,Resumen: REALIDAD NACIONAL Y SALUD MENTAL,1,44,79,35
13,Andrés Vargas,2,REALIDAD NACIONAL Y SALUD MENTAL,2,Resumen: REALIDAD NACIONAL Y SALUD MENTAL,0,32,34,2
13,Andrés Vargas,2,REALIDAD NACIONAL Y SALUD MENTAL,2,Resumen: REALIDAD NACIONAL Y SALUD MENTAL,1,31,70,39
13,Andrés Vargas,2,REALIDAD NACIONAL Y SALUD MENTAL,2,Resumen: REALIDAD NACIONAL Y SALUD MENTAL,0,44,53,9
13,Andrés Vargas,2,REALIDAD NACIONAL Y SALUD MENTAL,2,Resumen: REALIDAD NACIONAL Y SALUD MENTAL,1,35,69,34
13,Andrés Vargas,2,REALIDAD NACIONAL Y SALUD MENTAL,2,Resumen: REALIDAD NACIONAL Y SALUD MENTAL,1,42,77,35
13,Andrés Vargas,2,REALIDAD NACIONAL Y SALUD MENTAL,2,Resumen: REALIDAD NACIONAL Y SALUD MENTAL,1,49,84,35
13,Andrés Vargas,2,REALIDAD NACIONAL Y SALUD MENTAL,2,Resumen: REALIDAD NACIONAL Y SALUD MENTAL,1,32,69,37
13,Andrés Vargas,2,REALIDAD NACIONAL Y SALUD MENTAL,2,Resumen: REALIDAD NACIONAL Y SALUD MENTAL,1,39,68,29
13,Andrés Vargas,2,REALIDAD NACIONAL Y SALUD MENTAL,2,Resumen: REALIDAD NACIONAL Y SALUD MENTAL,1,40,69,29
13,Andrés Vargas,2,REALIDAD NACIONAL Y SALUD MENTAL,2,Resumen: REALIDAD NACIONAL Y SALUD MENTAL,1,41,78,37
13,Andrés Vargas,2,REALIDAD NACIONAL Y SALUD MENTAL,2,Resumen: REALIDAD NACIONAL Y SALUD MENTAL,0,34,35,1
13,Andrés Vargas,2,REALIDAD NACIONAL Y SALUD MENTAL,2,Resumen: REALIDAD NACIONAL Y SALUD MENTAL,0,39,49,10
13,Andrés Vargas,2,REALIDAD NACIONAL Y SALUD MENTAL,2,Resumen: REALIDAD NACIONAL Y SALUD MENTAL,0,40,50,10
14,Daniela Ramos,2,REALIDAD NACIONAL Y SALUD MENTAL,2,Resumen: REALIDAD NACIONAL Y SALUD MENTAL,1,46,84,38
14,Daniela Ramos,2,REALIDAD NACIONAL Y SALUD MENTAL,2,Resumen: REALIDAD NACIONAL Y SALUD MENTAL,1,46,82,36
14,Daniela Ramos,2,REALIDAD NACIONAL Y SALUD MENTAL,2,Resumen: REALIDAD NACIONAL Y SALUD MENTAL,1,39,70,31
14,Daniela Ramos,2,REALIDAD NACIONAL Y SALUD MENTAL,2,Resumen: REALIDAD NACIONAL Y SALUD MENTAL,0,40,47,7
14,Daniela Ramos,2,REALIDAD NACIONAL Y SALUD MENTAL,2,Resumen: REALIDAD NACIONAL Y SALUD MENTAL,1,36,65,29
14,Daniela Ramos,2,REALIDAD NACIONAL Y SALUD MENTAL,2,Resumen: REALIDAD NACIONAL Y SALUD MENTAL,1,34,62,28
14,Daniela Ramos,2,REALIDAD NACIONAL Y SALUD MENTAL,2,Resumen: REALIDAD NACIONAL Y SALUD MENTAL,0,46,54,8
14,Daniela Ramos,2,REALIDAD NACIONAL Y SALUD MENTAL,2,Resumen: REALIDAD NACIONAL Y SALUD MENTAL,0,31,40,9
14,Daniela Ramos,2,REALIDAD NACIONAL Y SALUD MENTAL,2,Resumen: REALIDAD NACIONAL Y SALUD MENTAL,0,34,36,2
14,Daniela Ramos,2,REALIDAD NACIONAL Y SALUD MENTAL,2,Resumen: REALIDAD NACIONAL Y SALUD MENTAL,1,35,65,30
14,Daniela Ramos,2,REALIDAD NACIONAL Y SALUD MENTAL,2,Resumen: REALIDAD NACIONAL Y SALUD MENTAL,1,44,80,36
14,Daniela Ramos,2,REALIDAD NACIONAL Y SALUD MENTAL,2,Resumen: REALIDAD NACIONAL Y SALUD MENTAL,0,37,46,9
14,Daniela Ramos,2,REALIDAD NACIONAL Y SALUD MENTAL,2,Resumen: REALIDAD NACIONAL Y SALUD MENTAL,0,39,46,7
14,Daniela Ramos,2,REALIDAD NACIONAL Y SALUD MENTAL,2,Resumen: REALIDAD NACIONAL Y SALUD MENTAL,0,37,41,4
14,Daniela Ramos,2,REALIDAD NACIONAL Y SALUD MENTAL,2,Resumen: REALIDAD NACIONAL Y SALUD MENTAL,0,45,48,3
15,Gabriel Llanque,2,REALIDAD NACIONAL Y SALUD MENTAL,2,Resumen: REALIDAD NACIONAL Y SALUD MENTAL,0,41,50,9
15,Gabriel Llanque,2,REALIDAD NACIONAL Y SALUD MENTAL,2,Resumen: REALIDAD NACIONAL Y SALUD MENTAL,1,44,78,34
15,Gabriel Llanque,2,REALIDAD NACIONAL Y SALUD MENTAL,2,Resumen: REALIDAD NACIONAL Y SALUD MENTAL,0,42,48,6
15,Gabriel Llanque,2,REALIDAD NACIONAL Y SALUD MENTAL,2,Resumen: REALIDAD NACIONAL Y SALUD MENTAL,0,35,44,9
15,Gabriel Llanque,2,REALIDAD NACIONAL Y SALUD MENTAL,2,Resumen: REALIDAD NACIONAL Y SALUD MENTAL,0,34,34,0
15,Gabriel Llanque,2,REALIDAD NACIONAL Y SALUD MENTAL,2,Resumen: REALIDAD NACIONAL Y SALUD MENTAL,1,50,86,36
15,Gabriel Llanque,2,REALIDAD NACIONAL Y SALUD MENTAL,2,Resumen: REALIDAD NACIONAL Y SALUD MENTAL,0,47,55,8
15,Gabriel Llanque,2,REALIDAD NACIONAL Y SALUD MENTAL,2,Resumen: REALIDAD NACIONAL Y SALUD MENTAL,1,33,63,30
15,Gabriel Llanque,2,REALIDAD NACIONAL Y SALUD MENTAL,2,Resumen: REALIDAD NACIONAL Y SALUD MENTAL,1,38,67,29
15,Gabriel Llanque,2,REALIDAD NACIONAL Y SALUD MENTAL,2,Resumen: REALIDAD NACIONAL Y SALUD MENTAL,1,43,75,32
15,Gabriel Llanque,2,REALIDAD NACIONAL Y SALUD MENTAL,2,Resumen: REALIDAD NACIONAL Y SALUD MENTAL,0,44,44,0
15,Gabriel Llanque,2,REALIDAD NACIONAL Y SALUD MENTAL,2,Resumen: REALIDAD NACIONAL Y SALUD MENTAL,1,43,79,36
15,Gabriel Llanque,2,REALIDAD NACIONAL Y SALUD MENTAL,2,Resumen: REALIDAD NACIONAL Y SALUD MENTAL,1,37,64,27
15,Gabriel Llanque,2,REALIDAD NACIONAL Y SALUD MENTAL,2,Resumen: REALIDAD NACIONAL Y SALUD MENTAL,1,41,76,35
15,Gabriel Llanque,2,REALIDAD NACIONAL Y SALUD MENTAL,2,Resumen: REALIDAD NACIONAL Y SALUD MENTAL,0,33,43,10
16,Patricia Salinas,2,REALIDAD NACIONAL Y SALUD MENTAL,2,Resumen: REALIDAD NACIONAL Y SALUD MENTAL,0,40,42,2
16,Patricia Salinas,2,REALIDAD NACIONAL Y SALUD MENTAL,2,Resumen: REALIDAD NACIONAL Y SALUD MENTAL,1,31,71,40
16,Patricia Salinas,2,REALIDAD NACIONAL Y SALUD MENTAL,2,Resumen: REALIDAD NACIONAL Y SALUD MENTAL,0,34,41,7
16,Patricia Salinas,2,REALIDAD NACIONAL Y SALUD MENTAL,2,Resumen: REALIDAD NACIONAL Y SALUD MENTAL,0,44,45,1
16,Patricia Salinas,2,REALIDAD NACIONAL Y SALUD MENTAL,2,Resumen: REALIDAD NACIONAL Y SALUD MENTAL,1,30,59,29
16,Patricia Salinas,2,REALIDAD NACIONAL Y SALUD MENTAL,2,Resumen: REALIDAD NACIONAL Y SALUD MENTAL,0,47,56,9
16,Patricia Salinas,2,REALIDAD NACIONAL Y SALUD MENTAL,2,Resumen: REALIDAD NACIONAL Y SALUD MENTAL,1,46,80,34
16,Patricia Salinas,2,REALIDAD NACIONAL Y SALUD MENTAL,2,Resumen: REALIDAD NACIONAL Y SALUD MENTAL,1,37,63,26
16,Patricia Salinas,2,REALIDAD NACIONAL Y SALUD MENTAL,2,Resumen: REALIDAD NACIONAL Y SALUD MENTAL,1,37,76,39
16,Patricia Salinas,2,REALIDAD NACIONAL Y SALUD MENTAL,2,Resumen: REALIDAD NACIONAL Y SALUD MENTAL,1,32,72,40
16,Patricia Salinas,2,REALIDAD NACIONAL Y SALUD MENTAL,2,Resumen: REALIDAD NACIONAL Y SALUD MENTAL,0,49,59,10
16,Patricia Salinas,2,REALIDAD NACIONAL Y SALUD MENTAL,2,Resumen: REALIDAD NACIONAL Y SALUD MENTAL,0,46,48,2
16,Patricia Salinas,2,REALIDAD NACIONAL Y SALUD MENTAL,2,Resumen: REALIDAD NACIONAL Y SALUD MENTAL,1,39,75,36
16,Patricia Salinas,2,REALIDAD NACIONAL Y SALUD MENTAL,2,Resumen: REALIDAD NACIONAL Y SALUD MENTAL,0,37,39,2
16,Patricia Salinas,2,REALIDAD NACIONAL Y SALUD MENTAL,2,Resumen: REALIDAD NACIONAL Y SALUD MENTAL,0,32,37,5
17,Mateo Chipana,2,REALIDAD NACIONAL Y SALUD MENTAL,2,Resumen: REALIDAD NACIONAL Y SALUD MENTAL,0,32,40,8
17,Mateo Chipana,2,REALIDAD NACIONAL Y SALUD MENTAL,2,Resumen: REALIDAD NACIONAL Y SALUD MENTAL,0,46,54,8
17,Mateo Chipana,2,REALIDAD NACIONAL Y SALUD MENTAL,2,Resumen: REALIDAD NACIONAL Y SALUD MENTAL,1,47,87,40
17,Mateo Chipana,2,REALIDAD NACIONAL Y SALUD MENTAL,2,Resumen: REALIDAD NACIONAL Y SALUD MENTAL,0,31,36,5
17,Mateo Chipana,2,REALIDAD NACIONAL Y SALUD MENTAL,2,Resumen: REALIDAD NACIONAL Y SALUD MENTAL,0,38,43,5
17,Mateo Chipana,2,REALIDAD NACIONAL Y SALUD MENTAL,2,Resumen: REALIDAD NACIONAL Y SALUD MENTAL,1,32,60,28
17,Mateo Chipana,2,REALIDAD NACIONAL Y SALUD MENTAL,2,Resumen: REALIDAD NACIONAL Y SALUD MENTAL,0,48,53,5
17,Mateo Chipana,2,REALIDAD NACIONAL Y SALUD MENTAL,2,Resumen: REALIDAD NACIONAL Y SALUD MENTAL,1,34,69,35
17,Mateo Chipana,2,REALIDAD NACIONAL Y SALUD MENTAL,2,Resumen: REALIDAD NACIONAL Y SALUD MENTAL,1,50,89,39
17,Mateo Chipana,2,REALIDAD NACIONAL Y SALUD MENTAL,2,Resumen: REALIDAD NACIONAL Y SALUD MENTAL,0,45,47,2
17,Mateo Chipana,2,REALIDAD NACIONAL Y SALUD MENTAL,2,Resumen: REALIDAD NACIONAL Y SALUD MENTAL,0,32,39,7
17,Mateo Chipana,2,REALIDAD NACIONAL Y SALUD MENTAL,2,Resumen: REALIDAD NACIONAL Y SALUD MENTAL,1,31,57,26
17,Mateo Chipana,2,REALIDAD NACIONAL Y SALUD MENTAL,2,Resumen: REALIDAD NACIONAL Y SALUD MENTAL,0,36,41,5
17,Mateo Chipana,2,REALIDAD NACIONAL Y SALUD MENTAL,2,Resumen: REALIDAD NACIONAL Y SALUD MENTAL,0,39,47,8
17,Mateo Chipana,2,REALIDAD NACIONAL Y SALUD MENTAL,2,Resumen: REALIDAD NACIONAL Y SALUD MENTAL,1,45,76,31
18,Isabella Cárdenas,2,REALIDAD NACIONAL Y SALUD MENTAL,2,Resumen: REALIDAD NACIONAL Y SALUD MENTAL,1,39,65,26
18,Isabella Cárdenas,2,REALIDAD NACIONAL Y SALUD MENTAL,2,Resumen: REALIDAD NACIONAL Y SALUD MENTAL,1,50,78,28
18,Isabella Cárdenas,2,REALIDAD NACIONAL Y SALUD MENTAL,2,Resumen: REALIDAD NACIONAL Y SALUD MENTAL,1,41,78,37
18,Isabella Cárdenas,2,REALIDAD NACIONAL Y SALUD MENTAL,2,Resumen: REALIDAD NACIONAL Y SALUD MENTAL,0,44,50,6
18,Isabella Cárdenas,2,REALIDAD NACIONAL Y SALUD MENTAL,2,Resumen: REALIDAD NACIONAL Y SALUD MENTAL,0,40,47,7
18,Isabella Cárdenas,2,REALIDAD NACIONAL Y SALUD MENTAL,2,Resumen: REALIDAD NACIONAL Y SALUD MENTAL,1,45,78,33
18,Isabella Cárdenas,2,REALIDAD NACIONAL Y SALUD MENTAL,2,Resumen: REALIDAD NACIONAL Y SALUD MENTAL,0,32,33,1
18,Isabella Cárdenas,2,REALIDAD NACIONAL Y SALUD MENTAL,2,Resumen: REALIDAD NACIONAL Y SALUD MENTAL,0,43,45,2
18,Isabella Cárdenas,2,REALIDAD NACIONAL Y SALUD MENTAL,2,Resumen: REALIDAD NACIONAL Y SALUD MENTAL,1,47,75,28
18,Isabella Cárdenas,2,REALIDAD NACIONAL Y SALUD MENTAL,2,Resumen: REALIDAD NACIONAL Y SALUD MENTAL,1,32,66,34
18,Isabella Cárdenas,2,REALIDAD NACIONAL Y SALUD MENTAL,2,Resumen: REALIDAD NACIONAL Y SALUD MENTAL,1,39,77,38
18,Isabella Cárdenas,2,REALIDAD NACIONAL Y SALUD MENTAL,2,Resumen: REALIDAD NACIONAL Y SALUD MENTAL,0,35,40,5
18,Isabella Cárdenas,2,REALIDAD NACIONAL Y SALUD MENTAL,2,Resumen: REALIDAD NACIONAL Y SALUD MENTAL,1,44,80,36
18,Isabella Cárdenas,2,REALIDAD NACIONAL Y SALUD MENTAL,2,Resumen: REALIDAD NACIONAL Y SALUD MENTAL,0,49,53,4
18,Isabella Cárdenas,2,REALIDAD NACIONAL Y SALUD MENTAL,2,Resumen: REALIDAD NACIONAL Y SALUD MENTAL,0,50,50,0
19,Sebastián Machaca,2,REALIDAD NACIONAL Y SALUD MENTAL,2,Resumen: REALIDAD NACIONAL Y SALUD MENTAL,0,32,38,6
19,Sebastián Machaca,2,REALIDAD NACIONAL Y SALUD MENTAL,2,Resumen: REALIDAD NACIONAL Y SALUD MENTAL,0,41,51,10
19,Sebastián Machaca,2,REALIDAD NACIONAL Y SALUD MENTAL,2,Resumen: REALIDAD NACIONAL Y SALUD MENTAL,0,35,37,2
19,Sebastián Machaca,2,REALIDAD NACIONAL Y SALUD MENTAL,2,Resumen: REALIDAD NACIONAL Y SALUD MENTAL,0,49,56,7
19,Sebastián Machaca,2,REALIDAD NACIONAL Y SALUD MENTAL,2,Resumen: REALIDAD NACIONAL Y SALUD MENTAL,1,31,63,32
19,Sebastián Machaca,2,REALIDAD NACIONAL Y SALUD MENTAL,2,Resumen: REALIDAD NACIONAL Y SALUD MENTAL,1,50,87,37
19,Sebastián Machaca,2,REALIDAD NACIONAL Y SALUD MENTAL,2,Resumen: REALIDAD NACIONAL Y SALUD MENTAL,1,48,77,29
19,Sebastián Machaca,2,REALIDAD NACIONAL Y SALUD MENTAL,2,Resumen: REALIDAD NACIONAL Y SALUD MENTAL,0,44,49,5
19,Sebastián Machaca,2,REALIDAD NACIONAL Y SALUD MENTAL,2,Resumen: REALIDAD NACIONAL Y SALUD MENTAL,0,44,53,9
19,Sebastián Machaca,2,REALIDAD NACIONAL Y SALUD MENTAL,2,Resumen: REALIDAD NACIONAL Y SALUD MENTAL,0,34,40,6
19,Sebastián Machaca,2,REALIDAD NACIONAL Y SALUD MENTAL,2,Resumen: REALIDAD NACIONAL Y SALUD MENTAL,0,40,43,3
19,Sebastián Machaca,2,REALIDAD NACIONAL Y SALUD MENTAL,2,Resumen: REALIDAD NACIONAL Y SALUD MENTAL,1,33,63,30
19,Sebastián Machaca,2,REALIDAD NACIONAL Y SALUD MENTAL,2,Resumen: REALIDAD NACIONAL Y SALUD MENTAL,0,45,53,8
19,Sebastián Machaca,2,REALIDAD NACIONAL Y SALUD MENTAL,2,Resumen: REALIDAD NACIONAL Y SALUD MENTAL,1,33,66,33
19,Sebastián Machaca,2,REALIDAD NACIONAL Y SALUD MENTAL,2,Resumen: REALIDAD NACIONAL Y SALUD MENTAL,1,44,78,34
20,Renata Zárate,2,REALIDAD NACIONAL Y SALUD MENTAL,2,Resumen: REALIDAD NACIONAL Y SALUD MENTAL,1,45,74,29
20,Renata Zárate,2,REALIDAD NACIONAL Y SALUD MENTAL,2,Resumen: REALIDAD NACIONAL Y SALUD MENTAL,1,32,71,39
20,Renata Zárate,2,REALIDAD NACIONAL Y SALUD MENTAL,2,Resumen: REALIDAD NACIONAL Y SALUD MENTAL,0,32,37,5
20,Renata Zárate,2,REALIDAD NACIONAL Y SALUD MENTAL,2,Resumen: REALIDAD NACIONAL Y SALUD MENTAL,0,41,49,8
20,Renata Zárate,2,REALIDAD NACIONAL Y SALUD MENTAL,2,Resumen: REALIDAD NACIONAL Y SALUD MENTAL,1,47,81,34
20,Renata Zárate,2,REALIDAD NACIONAL Y SALUD MENTAL,2,Resumen: REALIDAD NACIONAL Y SALUD MENTAL,0,35,45,10
20,Renata Zárate,2,REALIDAD NACIONAL Y SALUD MENTAL,2,Resumen: REALIDAD NACIONAL Y SALUD MENTAL,0,35,43,8
20,Renata Zárate,2,REALIDAD NACIONAL Y SALUD MENTAL,2,Resumen: REALIDAD NACIONAL Y SALUD MENTAL,1,37,68,31
20,Renata Zárate,2,REALIDAD NACIONAL Y SALUD MENTAL,2,Resumen: REALIDAD NACIONAL Y SALUD MENTAL,1,34,74,40
20,Renata Zárate,2,REALIDAD NACIONAL Y SALUD MENTAL,2,Resumen: REALIDAD NACIONAL Y SALUD MENTAL,1,30,66,36
20,Renata Zárate,2,REALIDAD NACIONAL Y SALUD MENTAL,2,Resumen: REALIDAD NACIONAL Y SALUD MENTAL,0,44,52,8
20,Renata Zárate,2,REALIDAD NACIONAL Y SALUD MENTAL,2,Resumen: REALIDAD NACIONAL Y SALUD MENTAL,0,34,35,1
20,Renata Zárate,2,REALIDAD NACIONAL Y SALUD MENTAL,2,Resumen: REALIDAD NACIONAL Y SALUD MENTAL,1,32,72,40
20,Renata Zárate,2,REALIDAD NACIONAL Y SALUD MENTAL,2,Resumen: REALIDAD NACIONAL Y SALUD MENTAL,1,46,84,38
20,Renata Zárate,2,REALIDAD NACIONAL Y SALUD MENTAL,2,Resumen: REALIDAD NACIONAL Y SALUD MENTAL,1,48,83,35
1,Juan Pérez,3,COMUNICACIÓN Y LENGUAJE,3,Resumen: COMUNICACIÓN Y LENGUAJE,1,50,89,39
1,Juan Pérez,3,COMUNICACIÓN Y LENGUAJE,3,Resumen: COMUNICACIÓN Y LENGUAJE,1,46,76,30
1,Juan Pérez,3,COMUNICACIÓN Y LENGUAJE,3,Resumen: COMUNICACIÓN Y LENGUAJE,1,34,60,26
1,Juan Pérez,3,COMUNICACIÓN Y LENGUAJE,3,Resumen: COMUNICACIÓN Y LENGUAJE,0,33,37,4
1,Juan Pérez,3,COMUNICACIÓN Y LENGUAJE,3,Resumen: COMUNICACIÓN Y LENGUAJE,1,35,67,32
1,Juan Pérez,3,COMUNICACIÓN Y LENGUAJE,3,Resumen: COMUNICACIÓN Y LENGUAJE,0,41,49,8
1,Juan Pérez,3,COMUNICACIÓN Y LENGUAJE,3,Resumen: COMUNICACIÓN Y LENGUAJE,0,39,43,4
1,Juan Pérez,3,COMUNICACIÓN Y LENGUAJE,3,Resumen: COMUNICACIÓN Y LENGUAJE,0,36,44,8
1,Juan Pérez,3,COMUNICACIÓN Y LENGUAJE,3,Resumen: COMUNICACIÓN Y LENGUAJE,1,38,72,34
1,Juan Pérez,3,COMUNICACIÓN Y LENGUAJE,3,Resumen: COMUNICACIÓN Y LENGUAJE,0,49,57,8
1,Juan Pérez,3,COMUNICACIÓN Y LENGUAJE,3,Resumen: COMUNICACIÓN Y LENGUAJE,1,50,79,29
1,Juan Pérez,3,COMUNICACIÓN Y LENGUAJE,3,Resumen: COMUNICACIÓN Y LENGUAJE,0,35,44,9
1,Juan Pérez,3,COMUNICACIÓN Y LENGUAJE,3,Resumen: COMUNICACIÓN Y LENGUAJE,0,40,49,9
1,Juan Pérez,3,COMUNICACIÓN Y LENGUAJE,3,Resumen: COMUNICACIÓN Y LENGUAJE,0,31,31,0
1,Juan Pérez,3,COMUNICACIÓN Y LENGUAJE,3,Resumen: COMUNICACIÓN Y LENGUAJE,1,32,65,33
2,María Quispe,3,COMUNICACIÓN Y LENGUAJE,3,Resumen: COMUNICACIÓN Y LENGUAJE,1,50,88,38
2,María Quispe,3,COMUNICACIÓN Y LENGUAJE,3,Resumen: COMUNICACIÓN Y LENGUAJE,0,49,56,7
2,María Quispe,3,COMUNICACIÓN Y LENGUAJE,3,Resumen: COMUNICACIÓN Y LENGUAJE,0,50,60,10
2,María Quispe,3,COMUNICACIÓN Y LENGUAJE,3,Resumen: COMUNICACIÓN Y LENGUAJE,1,39,76,37
2,María Quispe,3,COMUNICACIÓN Y LENGUAJE,3,Resumen: COMUNICACIÓN Y LENGUAJE,1,39,65,26
2,María Quispe,3,COMUNICACIÓN Y LENGUAJE,3,Resumen: COMUNICACIÓN Y LENGUAJE,1,35,75,40
2,María Quispe,3,COMUNICACIÓN Y LENGUAJE,3,Resumen: COMUNICACIÓN Y LENGUAJE,1,44,73,29
2,María Quispe,3,COMUNICACIÓN Y LENGUAJE,3,Resumen: COMUNICACIÓN Y LENGUAJE,0,40,45,5
2,María Quispe,3,COMUNICACIÓN Y LENGUAJE,3,Resumen: COMUNICACIÓN Y LENGUAJE,0,41,43,2
2,María Quispe,3,COMUNICACIÓN Y LENGUAJE,3,Resumen: COMUNICACIÓN Y LENGUAJE,0,41,42,1
2,María Quispe,3,COMUNICACIÓN Y LENGUAJE,3,Resumen: COMUNICACIÓN Y LENGUAJE,1,40,68,28
2,María Quispe,3,COMUNICACIÓN Y LENGUAJE,3,Resumen: COMUNICACIÓN Y LENGUAJE,1,38,67,29
2,María Quispe,3,COMUNICACIÓN Y LENGUAJE,3,Resumen: COMUNICACIÓN Y LENGUAJE,1,33,70,37
2,María Quispe,3,COMUNICACIÓN Y LENGUAJE,3,Resumen: COMUNICACIÓN Y LENGUAJE,1,49,79,30
2,María Quispe,3,COMUNICACIÓN Y LENGUAJE,3,Resumen: COMUNICACIÓN Y LENGUAJE,0,40,45,5
3,Luis Choque,3,COMUNICACIÓN Y LENGUAJE,3,Resumen: COMUNICACIÓN Y LENGUAJE,0,36,43,7
3,Luis Choque,3,COMUNICACIÓN Y LENGUAJE,3,Resumen: COMUNICACIÓN Y LENGUAJE,1,46,80,34
3,Luis Choque,3,COMUNICACIÓN Y LENGUAJE,3,Resumen: COMUNICACIÓN Y LENGUAJE,1,45,82,37
3,Luis Choque,3,COMUNICACIÓN Y LENGUAJE,3,Resumen: COMUNICACIÓN Y LENGUAJE,1,46,78,32
3,Luis Choque,3,COMUNICACIÓN Y LENGUAJE,3,Resumen: COMUNICACIÓN Y LENGUAJE,0,36,36,0
3,Luis Choque,3,COMUNICACIÓN Y LENGUAJE,3,Resumen: COMUNICACIÓN Y LENGUAJE,1,31,71,40
3,Luis Choque,3,COMUNICACIÓN Y LENGUAJE,3,Resumen: COMUNICACIÓN Y LENGUAJE,0,39,40,1
3,Luis Choque,3,COMUNICACIÓN Y LENGUAJE,3,Resumen: COMUNICACIÓN Y LENGUAJE,1,43,76,33
3,Luis Choque,3,COMUNICACIÓN Y LENGUAJE,3,Resumen: COMUNICACIÓN Y LENGUAJE,0,41,46,5
3,Luis Choque,3,COMUNICACIÓN Y LENGUAJE,3,Resumen: COMUNICACIÓN Y LENGUAJE,1,31,62,31
3,Luis Choque,3,COMUNICACIÓN Y LENGUAJE,3,Resumen: COMUNICACIÓN Y LENGUAJE,0,41,42,1
3,Luis Choque,3,COMUNICACIÓN Y LENGUAJE,3,Resumen: COMUNICACIÓN Y LENGUAJE,0,42,50,8
3,Luis Choque,3,COMUNICACIÓN Y LENGUAJE,3,Resumen: COMUNICACIÓN Y LENGUAJE,0,38,47,9
3,Luis Choque,3,COMUNICACIÓN Y LENGUAJE,3,Resumen: COMUNICACIÓN Y LENGUAJE,1,49,77,28
3,Luis Choque,3,COMUNICACIÓN Y LENGUAJE,3,Resumen: COMUNICACIÓN Y LENGUAJE,1,42,77,35
4,Sofía Condori,3,COMUNICACIÓN Y LENGUAJE,3,Resumen: COMUNICACIÓN Y LENGUAJE,0,47,49,2
4,Sofía Condori,3,COMUNICACIÓN Y LENGUAJE,3,Resumen: COMUNICACIÓN Y LENGUAJE,0,36,42,6
4,Sofía Condori,3,COMUNICACIÓN Y LENGUAJE,3,Resumen: COMUNICACIÓN Y LENGUAJE,1,46,72,26
4,Sofía Condori,3,COMUNICACIÓN Y LENGUAJE,3,Resumen: COMUNICACIÓN Y LENGUAJE,0,34,41,7
4,Sofía Condori,3,COMUNICACIÓN Y LENGUAJE,3,Resumen: COMUNICACIÓN Y LENGUAJE,1,46,75,29
4,Sofía Condori,3,COMUNICACIÓN Y LENGUAJE,3,Resumen: COMUNICACIÓN Y LENGUAJE,0,40,45,5
4,Sofía Condori,3,COMUNICACIÓN Y LENGUAJE,3,Resumen: COMUNICACIÓN Y LENGUAJE,1,35,69,34
4,Sofía Condori,3,COMUNICACIÓN Y LENGUAJE,3,Resumen: COMUNICACIÓN Y LENGUAJE,1,48,88,40
4,Sofía Condori,3,COMUNICACIÓN Y LENGUAJE,3,Resumen: COMUNICACIÓN Y LENGUAJE,1,48,73,25
4,Sofía Condori,3,COMUNICACIÓN Y LENGUAJE,3,Resumen: COMUNICACIÓN Y LENGUAJE,1,41,69,28
4,Sofía Condori,3,COMUNICACIÓN Y LENGUAJE,3,Resumen: COMUNICACIÓN Y LENGUAJE,0,43,53,10
4,Sofía Condori,3,COMUNICACIÓN Y LENGUAJE,3,Resumen: COMUNICACIÓN Y LENGUAJE,0,30,34,4
4,Sofía Condori,3,COMUNICACIÓN Y LENGUAJE,3,Resumen: COMUNICACIÓN Y LENGUAJE,0,50,59,9
4,Sofía Condori,3,COMUNICACIÓN Y LENGUAJE,3,Resumen: COMUNICACIÓN Y LENGUAJE,1,48,74,26
4,Sofía Condori,3,COMUNICACIÓN Y LENGUAJE,3,Resumen: COMUNICACIÓN Y LENGUAJE,1,48,85,37
5,Carlos Mamani,3,COMUNICACIÓN Y LENGUAJE,3,Resumen: COMUNICACIÓN Y LENGUAJE,0,34,37,3
5,Carlos Mamani,3,COMUNICACIÓN Y LENGUAJE,3,Resumen: COMUNICACIÓN Y LENGUAJE,0,31,32,1
5,Carlos Mamani,3,COMUNICACIÓN Y LENGUAJE,3,Resumen: COMUNICACIÓN Y LENGUAJE,1,36,71,35
5,Carlos Mamani,3,COMUNICACIÓN Y LENGUAJE,3,Resumen: COMUNICACIÓN Y LENGUAJE,1,43,74,31
5,Carlos Mamani,3,COMUNICACIÓN Y LENGUAJE,3,Resumen: COMUNICACIÓN Y LENGUAJE,0,43,52,9
5,Carlos Mamani,3,COMUNICACIÓN Y LENGUAJE,3,Resumen: COMUNICACIÓN Y LENGUAJE,0,45,45,0
5,Carlos Mamani,3,COMUNICACIÓN Y LENGUAJE,3,Resumen: COMUNICACIÓN Y LENGUAJE,0,34,42,8
5,Carlos Mamani,3,COMUNICACIÓN Y LENGUAJE,3,Resumen: COMUNICACIÓN Y LENGUAJE,0,40,47,7
5,Carlos Mamani,3,COMUNICACIÓN Y LENGUAJE,3,Resumen: COMUNICACIÓN Y LENGUAJE,1,46,76,30
5,Carlos Mamani,3,COMUNICACIÓN Y LENGUAJE,3,Resumen: COMUNICACIÓN Y LENGUAJE,0,44,49,5
5,Carlos Mamani,3,COMUNICACIÓN Y LENGUAJE,3,Resumen: COMUNICACIÓN Y LENGUAJE,1,47,80,33
5,Carlos Mamani,3,COMUNICACIÓN Y LENGUAJE,3,Resumen: COMUNICACIÓN Y LENGUAJE,1,49,81,32
5,Carlos Mamani,3,COMUNICACIÓN Y LENGUAJE,3,Resumen: COMUNICACIÓN Y LENGUAJE,0,38,41,3
5,Carlos Mamani,3,COMUNICACIÓN Y LENGUAJE,3,Resumen: COMUNICACIÓN Y LENGUAJE,0,39,42,3
5,Carlos Mamani,3,COMUNICACIÓN Y LENGUAJE,3,Resumen: COMUNICACIÓN Y LENGUAJE,1,45,81,36
6,Ana Torrez,3,COMUNICACIÓN Y LENGUAJE,3,Resumen: COMUNICACIÓN Y LENGUAJE,0,47,51,4
6,Ana Torrez,3,COMUNICACIÓN Y LENGUAJE,3,Resumen: COMUNICACIÓN Y LENGUAJE,1,39,76,37
6,Ana Torrez,3,COMUNICACIÓN Y LENGUAJE,3,Resumen: COMUNICACIÓN Y LENGUAJE,0,42,44,2
6,Ana Torrez,3,COMUNICACIÓN Y LENGUAJE,3,Resumen: COMUNICACIÓN Y LENGUAJE,1,39,66,27
6,Ana Torrez,3,COMUNICACIÓN Y LENGUAJE,3,Resumen: COMUNICACIÓN Y LENGUAJE,0,41,51,10
6,Ana Torrez,3,COMUNICACIÓN Y LENGUAJE,3,Resumen: COMUNICACIÓN Y LENGUAJE,0,38,41,3
6,Ana Torrez,3,COMUNICACIÓN Y LENGUAJE,3,Resumen: COMUNICACIÓN Y LENGUAJE,0,36,40,4
6,Ana Torrez,3,COMUNICACIÓN Y LENGUAJE,3,Resumen: COMUNICACIÓN Y LENGUAJE,0,47,49,2
6,Ana Torrez,3,COMUNICACIÓN Y LENGUAJE,3,Resumen: COMUNICACIÓN Y LENGUAJE,0,33,42,9
6,Ana Torrez,3,COMUNICACIÓN Y LENGUAJE,3,Resumen: COMUNICACIÓN Y LENGUAJE,1,37,69,32
6,Ana Torrez,3,COMUNICACIÓN Y LENGUAJE,3,Resumen: COMUNICACIÓN Y LENGUAJE,1,50,78,28
6,Ana Torrez,3,COMUNICACIÓN Y LENGUAJE,3,Resumen: COMUNICACIÓN Y LENGUAJE,1,43,83,40
6,Ana Torrez,3,COMUNICACIÓN Y LENGUAJE,3,Resumen: COMUNICACIÓN Y LENGUAJE,0,33,35,2
6,Ana Torrez,3,COMUNICACIÓN Y LENGUAJE,3,Resumen: COMUNICACIÓN Y LENGUAJE,0,30,32,2
6,Ana Torrez,3,COMUNICACIÓN Y LENGUAJE,3,Resumen: COMUNICACIÓN Y LENGUAJE,0,43,50,7
7,Diego Huanca,3,COMUNICACIÓN Y LENGUAJE,3,Resumen: COMUNICACIÓN Y LENGUAJE,0,45,49,4
7,Diego Huanca,3,COMUNICACIÓN Y LENGUAJE,3,Resumen: COMUNICACIÓN Y LENGUAJE,1,40,66,26
7,Diego Huanca,3,COMUNICACIÓN Y LENGUAJE,3,Resumen: COMUNICACIÓN Y LENGUAJE,0,32,35,3
7,Diego Huanca,3,COMUNICACIÓN Y LENGUAJE,3,Resumen: COMUNICACIÓN Y LENGUAJE,0,47,47,0
7,Diego Huanca,3,COMUNICACIÓN Y LENGUAJE,3,Resumen: COMUNICACIÓN Y LENGUAJE,1,35,65,30
7,Diego Huanca,3,COMUNICACIÓN Y LENGUAJE,3,Resumen: COMUNICACIÓN Y LENGUAJE,0,31,37,6
7,Diego Huanca,3,COMUNICACIÓN Y LENGUAJE,3,Resumen: COMUNICACIÓN Y LENGUAJE,1,45,79,34
7,Diego Huanca,3,COMUNICACIÓN Y LENGUAJE,3,Resumen: COMUNICACIÓN Y LENGUAJE,1,31,59,28
7,Diego Huanca,3,COMUNICACIÓN Y LENGUAJE,3,Resumen: COMUNICACIÓN Y LENGUAJE,1,40,80,40
7,Diego Huanca,3,COMUNICACIÓN Y LENGUAJE,3,Resumen: COMUNICACIÓN Y LENGUAJE,0,34,41,7
7,Diego Huanca,3,COMUNICACIÓN Y LENGUAJE,3,Resumen: COMUNICACIÓN Y LENGUAJE,1,38,66,28
7,Diego Huanca,3,COMUNICACIÓN Y LENGUAJE,3,Resumen: COMUNICACIÓN Y LENGUAJE,1,40,79,39
7,Diego Huanca,3,COMUNICACIÓN Y LENGUAJE,3,Resumen: COMUNICACIÓN Y LENGUAJE,1,50,80,30
7,Diego Huanca,3,COMUNICACIÓN Y LENGUAJE,3,Resumen: COMUNICACIÓN Y LENGUAJE,0,30,34,4
7,Diego Huanca,3,COMUNICACIÓN Y LENGUAJE,3,Resumen: COMUNICACIÓN Y LENGUAJE,0,48,51,3
8,Lucía Apaza,3,COMUNICACIÓN Y LENGUAJE,3,Resumen: COMUNICACIÓN Y LENGUAJE,0,35,45,10
8,Lucía Apaza,3,COMUNICACIÓN Y LENGUAJE,3,Resumen: COMUNICACIÓN Y LENGUAJE,0,42,50,8
8,Lucía Apaza,3,COMUNICACIÓN Y LENGUAJE,3,Resumen: COMUNICACIÓN Y LENGUAJE,1,40,68,28
8,Lucía Apaza,3,COMUNICACIÓN Y LENGUAJE,3,Resumen: COMUNICACIÓN Y LENGUAJE,0,35,42,7
8,Lucía Apaza,3,COMUNICACIÓN Y LENGUAJE,3,Resumen: COMUNICACIÓN Y LENGUAJE,0,40,40,0
8,Lucía Apaza,3,COMUNICACIÓN Y LENGUAJE,3,Resumen: COMUNICACIÓN Y LENGUAJE,1,38,77,39
8,Lucía Apaza,3,COMUNICACIÓN Y LENGUAJE,3,Resumen: COMUNICACIÓN Y LENGUAJE,0,38,42,4
8,Lucía Apaza,3,COMUNICACIÓN Y LENGUAJE,3,Resumen: COMUNICACIÓN Y LENGUAJE,0,48,48,0
8,Lucía Apaza,3,COMUNICACIÓN Y LENGUAJE,3,Resumen: COMUNICACIÓN Y LENGUAJE,0,38,41,3
8,Lucía Apaza,3,COMUNICACIÓN Y LENGUAJE,3,Resumen: COMUNICACIÓN Y LENGUAJE,0,31,38,7
8,Lucía Apaza,3,COMUNICACIÓN Y LENGUAJE,3,Resumen: COMUNICACIÓN Y LENGUAJE,1,39,73,34
8,Lucía Apaza,3,COMUNICACIÓN Y LENGUAJE,3,Resumen: COMUNICACIÓN Y LENGUAJE,0,33,37,4
8,Lucía Apaza,3,COMUNICACIÓN Y LENGUAJE,3,Resumen: COMUNICACIÓN Y LENGUAJE,0,41,44,3
8,Lucía Apaza,3,COMUNICACIÓN Y LENGUAJE,3,Resumen: COMUNICACIÓN Y LENGUAJE,1,34,73,39
8,Lucía Apaza,3,COMUNICACIÓN Y LENGUAJE,3,Resumen: COMUNICACIÓN Y LENGUAJE,1,49,89,40
9,Fernando Quispe,3,COMUNICACIÓN Y LENGUAJE,3,Resumen: COMUNICACIÓN Y LENGUAJE,0,47,50,3
9,Fernando Quispe,3,COMUNICACIÓN Y LENGUAJE,3,Resumen: COMUNICACIÓN Y LENGUAJE,0,37,46,9
9,Fernando Quispe,3,COMUNICACIÓN Y LENGUAJE,3,Resumen: COMUNICACIÓN Y LENGUAJE,0,32,40,8
9,Fernando Quispe,3,COMUNICACIÓN Y LENGUAJE,3,Resumen: COMUNICACIÓN Y LENGUAJE,1,41,69,28
9,Fernando Quispe,3,COMUNICACIÓN Y LENGUAJE,3,Resumen: COMUNICACIÓN Y LENGUAJE,0,31,39,8
9,Fernando Quispe,3,COMUNICACIÓN Y LENGUAJE,3,Resumen: COMUNICACIÓN Y LENGUAJE,0,36,38,2
9,Fernando Quispe,3,COMUNICACIÓN Y LENGUAJE,3,Resumen: COMUNICACIÓN Y LENGUAJE,1,35,74,39
9,Fernando Quispe,3,COMUNICACIÓN Y LENGUAJE,3,Resumen: COMUNICACIÓN Y LENGUAJE,0,33,42,9
9,Fernando Quispe,3,COMUNICACIÓN Y LENGUAJE,3,Resumen: COMUNICACIÓN Y LENGUAJE,1,45,84,39
9,Fernando Quispe,3,COMUNICACIÓN Y LENGUAJE,3,Resumen: COMUNICACIÓN Y LENGUAJE,1,31,69,38
9,Fernando Quispe,3,COMUNICACIÓN Y LENGUAJE,3,Resumen: COMUNICACIÓN Y LENGUAJE,0,44,52,8
9,Fernando Quispe,3,COMUNICACIÓN Y LENGUAJE,3,Resumen: COMUNICACIÓN Y LENGUAJE,0,44,48,4
9,Fernando Quispe,3,COMUNICACIÓN Y LENGUAJE,3,Resumen: COMUNICACIÓN Y LENGUAJE,1,30,55,25
9,Fernando Quispe,3,COMUNICACIÓN Y LENGUAJE,3,Resumen: COMUNICACIÓN Y LENGUAJE,0,36,36,0
9,Fernando Quispe,3,COMUNICACIÓN Y LENGUAJE,3,Resumen: COMUNICACIÓN Y LENGUAJE,1,43,70,27
10,Camila Mendoza,3,COMUNICACIÓN Y LENGUAJE,3,Resumen: COMUNICACIÓN Y LENGUAJE,0,47,48,1
10,Camila Mendoza,3,COMUNICACIÓN Y LENGUAJE,3,Resumen: COMUNICACIÓN Y LENGUAJE,1,45,83,38
10,Camila Mendoza,3,COMUNICACIÓN Y LENGUAJE,3,Resumen: COMUNICACIÓN Y LENGUAJE,0,35,45,10
10,Camila Mendoza,3,COMUNICACIÓN Y LENGUAJE,3,Resumen: COMUNICACIÓN Y LENGUAJE,0,50,55,5
10,Camila Mendoza,3,COMUNICACIÓN Y LENGUAJE,3,Resumen: COMUNICACIÓN Y LENGUAJE,1,42,79,37
10,Camila Mendoza,3,COMUNICACIÓN Y LENGUAJE,3,Resumen: COMUNICACIÓN Y LENGUAJE,1,42,71,29
10,Camila Mendoza,3,COMUNICACIÓN Y LENGUAJE,3,Resumen: COMUNICACIÓN Y LENGUAJE,0,50,51,1
10,Camila Mendoza,3,COMUNICACIÓN Y LENGUAJE,3,Resumen: COMUNICACIÓN Y LENGUAJE,0,35,41,6
10,Camila Mendoza,3,COMUNICACIÓN Y LENGUAJE,3,Resumen: COMUNICACIÓN Y LENGUAJE,1,46,78,32
10,Camila Mendoza,3,COMUNICACIÓN Y LENGUAJE,3,Resumen: COMUNICACIÓN Y LENGUAJE,0,30,34,4
10,Camila Mendoza,3,COMUNICACIÓN Y LENGUAJE,3,Resumen: COMUNICACIÓN Y LENGUAJE,0,44,52,8
10,Camila Mendoza,3,COMUNICACIÓN Y LENGUAJE,3,Resumen: COMUNICACIÓN Y LENGUAJE,0,43,46,3
10,Camila Mendoza,3,COMUNICACIÓN Y LENGUAJE,3,Resumen: COMUNICACIÓN Y LENGUAJE,1,37,66,29
10,Camila Mendoza,3,COMUNICACIÓN Y LENGUAJE,3,Resumen: COMUNICACIÓN Y LENGUAJE,1,38,66,28
10,Camila Mendoza,3,COMUNICACIÓN Y LENGUAJE,3,Resumen: COMUNICACIÓN Y LENGUAJE,0,31,37,6
11,Roberto Copa,3,COMUNICACIÓN Y LENGUAJE,3,Resumen: COMUNICACIÓN Y LENGUAJE,0,49,49,0
11,Roberto Copa,3,COMUNICACIÓN Y LENGUAJE,3,Resumen: COMUNICACIÓN Y LENGUAJE,1,37,65,28
11,Roberto Copa,3,COMUNICACIÓN Y LENGUAJE,3,Resumen: COMUNICACIÓN Y LENGUAJE,1,49,75,26
11,Roberto Copa,3,COMUNICACIÓN Y LENGUAJE,3,Resumen: COMUNICACIÓN Y LENGUAJE,0,37,43,6
11,Roberto Copa,3,COMUNICACIÓN Y LENGUAJE,3,Resumen: COMUNICACIÓN Y LENGUAJE,1,44,75,31
11,Roberto Copa,3,COMUNICACIÓN Y LENGUAJE,3,Resumen: COMUNICACIÓN Y LENGUAJE,1,31,65,34
11,Roberto Copa,3,COMUNICACIÓN Y LENGUAJE,3,Resumen: COMUNICACIÓN Y LENGUAJE,0,37,46,9
11,Roberto Copa,3,COMUNICACIÓN Y LENGUAJE,3,Resumen: COMUNICACIÓN Y LENGUAJE,0,40,50,10
11,Roberto Copa,3,COMUNICACIÓN Y LENGUAJE,3,Resumen: COMUNICACIÓN Y LENGUAJE,1,40,69,29
11,Roberto Copa,3,COMUNICACIÓN Y LENGUAJE,3,Resumen: COMUNICACIÓN Y LENGUAJE,1,46,80,34
11,Roberto Copa,3,COMUNICACIÓN Y LENGUAJE,3,Resumen: COMUNICACIÓN Y LENGUAJE,1,38,68,30
11,Roberto Copa,3,COMUNICACIÓN Y LENGUAJE,3,Resumen: COMUNICACIÓN Y LENGUAJE,0,50,58,8
11,Roberto Copa,3,COMUNICACIÓN Y LENGUAJE,3,Resumen: COMUNICACIÓN Y LENGUAJE,1,45,81,36
11,Roberto Copa,3,COMUNICACIÓN Y LENGUAJE,3,Resumen: COMUNICACIÓN Y LENGUAJE,0,50,58,8
11,Roberto Copa,3,COMUNICACIÓN Y LENGUAJE,3,Resumen: COMUNICACIÓN Y LENGUAJE,0,40,46,6
12,Valeria Silva,3,COMUNICACIÓN Y LENGUAJE,3,Resumen: COMUNICACIÓN Y LENGUAJE,1,34,64,30
12,Valeria Silva,3,COMUNICACIÓN Y LENGUAJE,3,Resumen: COMUNICACIÓN Y LENGUAJE,1,47,79,32
12,Valeria Silva,3,COMUNICACIÓN Y LENGUAJE,3,Resumen: COMUNICACIÓN Y LENGUAJE,0,39,41,2
12,Valeria Silva,3,COMUNICACIÓN Y LENGUAJE,3,Resumen: COMUNICACIÓN Y LENGUAJE,0,44,52,8
12,Valeria Silva,3,COMUNICACIÓN Y LENGUAJE,3,Resumen: COMUNICACIÓN Y LENGUAJE,0,43,51,8
12,Valeria Silva,3,COMUNICACIÓN Y LENGUAJE,3,Resumen: COMUNICACIÓN Y LENGUAJE,1,46,78,32
12,Valeria Silva,3,COMUNICACIÓN Y LENGUAJE,3,Resumen: COMUNICACIÓN Y LENGUAJE,1,38,65,27
12,Valeria Silva,3,COMUNICACIÓN Y LENGUAJE,3,Resumen: COMUNICACIÓN Y LENGUAJE,0,44,45,1
12,Valeria Silva,3,COMUNICACIÓN Y LENGUAJE,3,Resumen: COMUNICACIÓN Y LENGUAJE,0,47,50,3
12,Valeria Silva,3,COMUNICACIÓN Y LENGUAJE,3,Resumen: COMUNICACIÓN Y LENGUAJE,1,31,57,26
12,Valeria Silva,3,COMUNICACIÓN Y LENGUAJE,3,Resumen: COMUNICACIÓN Y LENGUAJE,1,32,63,31
12,Valeria Silva,3,COMUNICACIÓN Y LENGUAJE,3,Resumen: COMUNICACIÓN Y LENGUAJE,1,45,80,35
12,Valeria Silva,3,COMUNICACIÓN Y LENGUAJE,3,Resumen: COMUNICACIÓN Y LENGUAJE,0,39,39,0
12,Valeria Silva,3,COMUNICACIÓN Y LENGUAJE,3,Resumen: COMUNICACIÓN Y LENGUAJE,0,36,37,1
12,Valeria Silva,3,COMUNICACIÓN Y LENGUAJE,3,Resumen: COMUNICACIÓN Y LENGUAJE,0,45,54,9
13,Andrés Vargas,3,COMUNICACIÓN Y LENGUAJE,3,Resumen: COMUNICACIÓN Y LENGUAJE,1,36,68,32
13,Andrés Vargas,3,COMUNICACIÓN Y LENGUAJE,3,Resumen: COMUNICACIÓN Y LENGUAJE,1,47,81,34
13,Andrés Vargas,3,COMUNICACIÓN Y LENGUAJE,3,Resumen: COMUNICACIÓN Y LENGUAJE,1,42,78,36
13,Andrés Vargas,3,COMUNICACIÓN Y LENGUAJE,3,Resumen: COMUNICACIÓN Y LENGUAJE,1,39,79,40
13,Andrés Vargas,3,COMUNICACIÓN Y LENGUAJE,3,Resumen: COMUNICACIÓN Y LENGUAJE,1,44,84,40
13,Andrés Vargas,3,COMUNICACIÓN Y LENGUAJE,3,Resumen: COMUNICACIÓN Y LENGUAJE,0,40,45,5
13,Andrés Vargas,3,COMUNICACIÓN Y LENGUAJE,3,Resumen: COMUNICACIÓN Y LENGUAJE,1,40,72,32
13,Andrés Vargas,3,COMUNICACIÓN Y LENGUAJE,3,Resumen: COMUNICACIÓN Y LENGUAJE,1,34,72,38
13,Andrés Vargas,3,COMUNICACIÓN Y LENGUAJE,3,Resumen: COMUNICACIÓN Y LENGUAJE,1,39,74,35
13,Andrés Vargas,3,COMUNICACIÓN Y LENGUAJE,3,Resumen: COMUNICACIÓN Y LENGUAJE,1,37,69,32
13,Andrés Vargas,3,COMUNICACIÓN Y LENGUAJE,3,Resumen: COMUNICACIÓN Y LENGUAJE,0,45,55,10
13,Andrés Vargas,3,COMUNICACIÓN Y LENGUAJE,3,Resumen: COMUNICACIÓN Y LENGUAJE,1,40,80,40
13,Andrés Vargas,3,COMUNICACIÓN Y LENGUAJE,3,Resumen: COMUNICACIÓN Y LENGUAJE,0,50,57,7
13,Andrés Vargas,3,COMUNICACIÓN Y LENGUAJE,3,Resumen: COMUNICACIÓN Y LENGUAJE,0,35,40,5
13,Andrés Vargas,3,COMUNICACIÓN Y LENGUAJE,3,Resumen: COMUNICACIÓN Y LENGUAJE,1,35,75,40
14,Daniela Ramos,3,COMUNICACIÓN Y LENGUAJE,3,Resumen: COMUNICACIÓN Y LENGUAJE,0,35,43,8
14,Daniela Ramos,3,COMUNICACIÓN Y LENGUAJE,3,Resumen: COMUNICACIÓN Y LENGUAJE,0,50,58,8
14,Daniela Ramos,3,COMUNICACIÓN Y LENGUAJE,3,Resumen: COMUNICACIÓN Y LENGUAJE,0,31,32,1
14,Daniela Ramos,3,COMUNICACIÓN Y LENGUAJE,3,Resumen: COMUNICACIÓN Y LENGUAJE,0,31,37,6
14,Daniela Ramos,3,COMUNICACIÓN Y LENGUAJE,3,Resumen: COMUNICACIÓN Y LENGUAJE,0,34,37,3
14,Daniela Ramos,3,COMUNICACIÓN Y LENGUAJE,3,Resumen: COMUNICACIÓN Y LENGUAJE,0,32,32,0
14,Daniela Ramos,3,COMUNICACIÓN Y LENGUAJE,3,Resumen: COMUNICACIÓN Y LENGUAJE,0,36,41,5
14,Daniela Ramos,3,COMUNICACIÓN Y LENGUAJE,3,Resumen: COMUNICACIÓN Y LENGUAJE,0,31,41,10
14,Daniela Ramos,3,COMUNICACIÓN Y LENGUAJE,3,Resumen: COMUNICACIÓN Y LENGUAJE,0,49,59,10
14,Daniela Ramos,3,COMUNICACIÓN Y LENGUAJE,3,Resumen: COMUNICACIÓN Y LENGUAJE,1,45,83,38
14,Daniela Ramos,3,COMUNICACIÓN Y LENGUAJE,3,Resumen: COMUNICACIÓN Y LENGUAJE,1,30,63,33
14,Daniela Ramos,3,COMUNICACIÓN Y LENGUAJE,3,Resumen: COMUNICACIÓN Y LENGUAJE,0,47,47,0
14,Daniela Ramos,3,COMUNICACIÓN Y LENGUAJE,3,Resumen: COMUNICACIÓN Y LENGUAJE,0,46,56,10
14,Daniela Ramos,3,COMUNICACIÓN Y LENGUAJE,3,Resumen: COMUNICACIÓN Y LENGUAJE,0,43,45,2
14,Daniela Ramos,3,COMUNICACIÓN Y LENGUAJE,3,Resumen: COMUNICACIÓN Y LENGUAJE,0,33,41,8
15,Gabriel Llanque,3,COMUNICACIÓN Y LENGUAJE,3,Resumen: COMUNICACIÓN Y LENGUAJE,1,34,67,33
15,Gabriel Llanque,3,COMUNICACIÓN Y LENGUAJE,3,Resumen: COMUNICACIÓN Y LENGUAJE,1,41,78,37
15,Gabriel Llanque,3,COMUNICACIÓN Y LENGUAJE,3,Resumen: COMUNICACIÓN Y LENGUAJE,1,32,69,37
15,Gabriel Llanque,3,COMUNICACIÓN Y LENGUAJE,3,Resumen: COMUNICACIÓN Y LENGUAJE,0,44,47,3
15,Gabriel Llanque,3,COMUNICACIÓN Y LENGUAJE,3,Resumen: COMUNICACIÓN Y LENGUAJE,0,39,40,1
15,Gabriel Llanque,3,COMUNICACIÓN Y LENGUAJE,3,Resumen: COMUNICACIÓN Y LENGUAJE,0,50,60,10
15,Gabriel Llanque,3,COMUNICACIÓN Y LENGUAJE,3,Resumen: COMUNICACIÓN Y LENGUAJE,1,31,68,37
15,Gabriel Llanque,3,COMUNICACIÓN Y LENGUAJE,3,Resumen: COMUNICACIÓN Y LENGUAJE,0,42,42,0
15,Gabriel Llanque,3,COMUNICACIÓN Y LENGUAJE,3,Resumen: COMUNICACIÓN Y LENGUAJE,1,50,80,30
15,Gabriel Llanque,3,COMUNICACIÓN Y LENGUAJE,3,Resumen: COMUNICACIÓN Y LENGUAJE,1,32,70,38
15,Gabriel Llanque,3,COMUNICACIÓN Y LENGUAJE,3,Resumen: COMUNICACIÓN Y LENGUAJE,0,50,59,9
15,Gabriel Llanque,3,COMUNICACIÓN Y LENGUAJE,3,Resumen: COMUNICACIÓN Y LENGUAJE,0,33,33,0
15,Gabriel Llanque,3,COMUNICACIÓN Y LENGUAJE,3,Resumen: COMUNICACIÓN Y LENGUAJE,1,37,77,40
15,Gabriel Llanque,3,COMUNICACIÓN Y LENGUAJE,3,Resumen: COMUNICACIÓN Y LENGUAJE,1,38,65,27
15,Gabriel Llanque,3,COMUNICACIÓN Y LENGUAJE,3,Resumen: COMUNICACIÓN Y LENGUAJE,0,38,47,9
16,Patricia Salinas,3,COMUNICACIÓN Y LENGUAJE,3,Resumen: COMUNICACIÓN Y LENGUAJE,1,31,66,35
16,Patricia Salinas,3,COMUNICACIÓN Y LENGUAJE,3,Resumen: COMUNICACIÓN Y LENGUAJE,0,30,39,9
16,Patricia Salinas,3,COMUNICACIÓN Y LENGUAJE,3,Resumen: COMUNICACIÓN Y LENGUAJE,0,34,40,6
16,Patricia Salinas,3,COMUNICACIÓN Y LENGUAJE,3,Resumen: COMUNICACIÓN Y LENGUAJE,1,32,64,32
16,Patricia Salinas,3,COMUNICACIÓN Y LENGUAJE,3,Resumen: COMUNICACIÓN Y LENGUAJE,0,48,54,6
16,Patricia Salinas,3,COMUNICACIÓN Y LENGUAJE,3,Resumen: COMUNICACIÓN Y LENGUAJE,1,47,76,29
16,Patricia Salinas,3,COMUNICACIÓN Y LENGUAJE,3,Resumen: COMUNICACIÓN Y LENGUAJE,0,32,37,5
16,Patricia Salinas,3,COMUNICACIÓN Y LENGUAJE,3,Resumen: COMUNICACIÓN Y LENGUAJE,1,31,63,32
16,Patricia Salinas,3,COMUNICACIÓN Y LENGUAJE,3,Resumen: COMUNICACIÓN Y LENGUAJE,1,32,69,37
16,Patricia Salinas,3,COMUNICACIÓN Y LENGUAJE,3,Resumen: COMUNICACIÓN Y LENGUAJE,1,40,73,33
16,Patricia Salinas,3,COMUNICACIÓN Y LENGUAJE,3,Resumen: COMUNICACIÓN Y LENGUAJE,1,44,80,36
16,Patricia Salinas,3,COMUNICACIÓN Y LENGUAJE,3,Resumen: COMUNICACIÓN Y LENGUAJE,0,47,53,6
16,Patricia Salinas,3,COMUNICACIÓN Y LENGUAJE,3,Resumen: COMUNICACIÓN Y LENGUAJE,0,35,45,10
16,Patricia Salinas,3,COMUNICACIÓN Y LENGUAJE,3,Resumen: COMUNICACIÓN Y LENGUAJE,1,42,76,34
16,Patricia Salinas,3,COMUNICACIÓN Y LENGUAJE,3,Resumen: COMUNICACIÓN Y LENGUAJE,0,37,38,1
17,Mateo Chipana,3,COMUNICACIÓN Y LENGUAJE,3,Resumen: COMUNICACIÓN Y LENGUAJE,1,38,67,29
17,Mateo Chipana,3,COMUNICACIÓN Y LENGUAJE,3,Resumen: COMUNICACIÓN Y LENGUAJE,1,42,70,28
17,Mateo Chipana,3,COMUNICACIÓN Y LENGUAJE,3,Resumen: COMUNICACIÓN Y LENGUAJE,1,32,66,34
17,Mateo Chipana,3,COMUNICACIÓN Y LENGUAJE,3,Resumen: COMUNICACIÓN Y LENGUAJE,1,44,77,33
17,Mateo Chipana,3,COMUNICACIÓN Y LENGUAJE,3,Resumen: COMUNICACIÓN Y LENGUAJE,1,33,63,30
17,Mateo Chipana,3,COMUNICACIÓN Y LENGUAJE,3,Resumen: COMUNICACIÓN Y LENGUAJE,1,43,81,38
17,Mateo Chipana,3,COMUNICACIÓN Y LENGUAJE,3,Resumen: COMUNICACIÓN Y LENGUAJE,1,33,69,36
17,Mateo Chipana,3,COMUNICACIÓN Y LENGUAJE,3,Resumen: COMUNICACIÓN Y LENGUAJE,1,47,82,35
17,Mateo Chipana,3,COMUNICACIÓN Y LENGUAJE,3,Resumen: COMUNICACIÓN Y LENGUAJE,1,42,80,38
17,Mateo Chipana,3,COMUNICACIÓN Y LENGUAJE,3,Resumen: COMUNICACIÓN Y LENGUAJE,0,42,50,8
17,Mateo Chipana,3,COMUNICACIÓN Y LENGUAJE,3,Resumen: COMUNICACIÓN Y LENGUAJE,0,37,39,2
17,Mateo Chipana,3,COMUNICACIÓN Y LENGUAJE,3,Resumen: COMUNICACIÓN Y LENGUAJE,1,42,75,33
17,Mateo Chipana,3,COMUNICACIÓN Y LENGUAJE,3,Resumen: COMUNICACIÓN Y LENGUAJE,1,39,68,29
17,Mateo Chipana,3,COMUNICACIÓN Y LENGUAJE,3,Resumen: COMUNICACIÓN Y LENGUAJE,1,32,65,33
17,Mateo Chipana,3,COMUNICACIÓN Y LENGUAJE,3,Resumen: COMUNICACIÓN Y LENGUAJE,1,43,70,27
18,Isabella Cárdenas,3,COMUNICACIÓN Y LENGUAJE,3,Resumen: COMUNICACIÓN Y LENGUAJE,1,41,73,32
18,Isabella Cárdenas,3,COMUNICACIÓN Y LENGUAJE,3,Resumen: COMUNICACIÓN Y LENGUAJE,1,50,81,31
18,Isabella Cárdenas,3,COMUNICACIÓN Y LENGUAJE,3,Resumen: COMUNICACIÓN Y LENGUAJE,1,44,78,34
18,Isabella Cárdenas,3,COMUNICACIÓN Y LENGUAJE,3,Resumen: COMUNICACIÓN Y LENGUAJE,0,30,35,5
18,Isabella Cárdenas,3,COMUNICACIÓN Y LENGUAJE,3,Resumen: COMUNICACIÓN Y LENGUAJE,1,49,84,35
18,Isabella Cárdenas,3,COMUNICACIÓN Y LENGUAJE,3,Resumen: COMUNICACIÓN Y LENGUAJE,1,44,73,29
18,Isabella Cárdenas,3,COMUNICACIÓN Y LENGUAJE,3,Resumen: COMUNICACIÓN Y LENGUAJE,1,39,70,31
18,Isabella Cárdenas,3,COMUNICACIÓN Y LENGUAJE,3,Resumen: COMUNICACIÓN Y LENGUAJE,1,45,82,37
18,Isabella Cárdenas,3,COMUNICACIÓN Y LENGUAJE,3,Resumen: COMUNICACIÓN Y LENGUAJE,1,40,80,40
18,Isabella Cárdenas,3,COMUNICACIÓN Y LENGUAJE,3,Resumen: COMUNICACIÓN Y LENGUAJE,0,48,53,5
18,Isabella Cárdenas,3,COMUNICACIÓN Y LENGUAJE,3,Resumen: COMUNICACIÓN Y LENGUAJE,1,42,79,37
18,Isabella Cárdenas,3,COMUNICACIÓN Y LENGUAJE,3,Resumen: COMUNICACIÓN Y LENGUAJE,1,41,72,31
18,Isabella Cárdenas,3,COMUNICACIÓN Y LENGUAJE,3,Resumen: COMUNICACIÓN Y LENGUAJE,0,48,50,2
18,Isabella Cárdenas,3,COMUNICACIÓN Y LENGUAJE,3,Resumen: COMUNICACIÓN Y LENGUAJE,1,47,86,39
18,Isabella Cárdenas,3,COMUNICACIÓN Y LENGUAJE,3,Resumen: COMUNICACIÓN Y LENGUAJE,1,36,70,34
19,Sebastián Machaca,3,COMUNICACIÓN Y LENGUAJE,3,Resumen: COMUNICACIÓN Y LENGUAJE,0,32,38,6
19,Sebastián Machaca,3,COMUNICACIÓN Y LENGUAJE,3,Resumen: COMUNICACIÓN Y LENGUAJE,1,45,79,34
19,Sebastián Machaca,3,COMUNICACIÓN Y LENGUAJE,3,Resumen: COMUNICACIÓN Y LENGUAJE,1,37,66,29
19,Sebastián Machaca,3,COMUNICACIÓN Y LENGUAJE,3,Resumen: COMUNICACIÓN Y LENGUAJE,0,43,44,1
19,Sebastián Machaca,3,COMUNICACIÓN Y LENGUAJE,3,Resumen: COMUNICACIÓN Y LENGUAJE,0,44,51,7
19,Sebastián Machaca,3,COMUNICACIÓN Y LENGUAJE,3,Resumen: COMUNICACIÓN Y LENGUAJE,1,48,86,38
19,Sebastián Machaca,3,COMUNICACIÓN Y LENGUAJE,3,Resumen: COMUNICACIÓN Y LENGUAJE,1,47,83,36
19,Sebastián Machaca,3,COMUNICACIÓN Y LENGUAJE,3,Resumen: COMUNICACIÓN Y LENGUAJE,0,47,48,1
19,Sebastián Machaca,3,COMUNICACIÓN Y LENGUAJE,3,Resumen: COMUNICACIÓN Y LENGUAJE,0,33,43,10
19,Sebastián Machaca,3,COMUNICACIÓN Y LENGUAJE,3,Resumen: COMUNICACIÓN Y LENGUAJE,1,41,67,26
19,Sebastián Machaca,3,COMUNICACIÓN Y LENGUAJE,3,Resumen: COMUNICACIÓN Y LENGUAJE,0,48,58,10
19,Sebastián Machaca,3,COMUNICACIÓN Y LENGUAJE,3,Resumen: COMUNICACIÓN Y LENGUAJE,1,50,85,35
19,Sebastián Machaca,3,COMUNICACIÓN Y LENGUAJE,3,Resumen: COMUNICACIÓN Y LENGUAJE,1,43,71,28
19,Sebastián Machaca,3,COMUNICACIÓN Y LENGUAJE,3,Resumen: COMUNICACIÓN Y LENGUAJE,1,38,70,32
19,Sebastián Machaca,3,COMUNICACIÓN Y LENGUAJE,3,Resumen: COMUNICACIÓN Y LENGUAJE,1,44,83,39
20,Renata Zárate,3,COMUNICACIÓN Y LENGUAJE,3,Resumen: COMUNICACIÓN Y LENGUAJE,0,48,50,2
20,Renata Zárate,3,COMUNICACIÓN Y LENGUAJE,3,Resumen: COMUNICACIÓN Y LENGUAJE,0,41,48,7
20,Renata Zárate,3,COMUNICACIÓN Y LENGUAJE,3,Resumen: COMUNICACIÓN Y LENGUAJE,1,33,60,27
20,Renata Zárate,3,COMUNICACIÓN Y LENGUAJE,3,Resumen: COMUNICACIÓN Y LENGUAJE,0,33,35,2
20,Renata Zárate,3,COMUNICACIÓN Y LENGUAJE,3,Resumen: COMUNICACIÓN Y LENGUAJE,1,41,80,39
20,Renata Zárate,3,COMUNICACIÓN Y LENGUAJE,3,Resumen: COMUNICACIÓN Y LENGUAJE,0,36,41,5
20,Renata Zárate,3,COMUNICACIÓN Y LENGUAJE,3,Resumen: COMUNICACIÓN Y LENGUAJE,1,45,84,39
20,Renata Zárate,3,COMUNICACIÓN Y LENGUAJE,3,Resumen: COMUNICACIÓN Y LENGUAJE,1,40,66,26
20,Renata Zárate,3,COMUNICACIÓN Y LENGUAJE,3,Resumen: COMUNICACIÓN Y LENGUAJE,1,33,68,35
20,Renata Zárate,3,COMUNICACIÓN Y LENGUAJE,3,Resumen: COMUNICACIÓN Y LENGUAJE,1,50,80,30
20,Renata Zárate,3,COMUNICACIÓN Y LENGUAJE,3,Resumen: COMUNICACIÓN Y LENGUAJE,0,37,45,8
20,Renata Zárate,3,COMUNICACIÓN Y LENGUAJE,3,Resumen: COMUNICACIÓN Y LENGUAJE,1,35,73,38
20,Renata Zárate,3,COMUNICACIÓN Y LENGUAJE,3,Resumen: COMUNICACIÓN Y LENGUAJE,1,44,81,37
20,Renata Zárate,3,COMUNICACIÓN Y LENGUAJE,3,Resumen: COMUNICACIÓN Y LENGUAJE,1,50,88,38
20,Renata Zárate,3,COMUNICACIÓN Y LENGUAJE,3,Resumen: COMUNICACIÓN Y LENGUAJE,1,42,73,31
1,Juan Pérez,4,ESTRATEGIAS DE APRENDIZAJE,4,Resumen: ESTRATEGIAS DE APRENDIZAJE,0,44,50,6
1,Juan Pérez,4,ESTRATEGIAS DE APRENDIZAJE,4,Resumen: ESTRATEGIAS DE APRENDIZAJE,0,30,33,3
1,Juan Pérez,4,ESTRATEGIAS DE APRENDIZAJE,4,Resumen: ESTRATEGIAS DE APRENDIZAJE,0,38,39,1
1,Juan Pérez,4,ESTRATEGIAS DE APRENDIZAJE,4,Resumen: ESTRATEGIAS DE APRENDIZAJE,1,48,78,30
1,Juan Pérez,4,ESTRATEGIAS DE APRENDIZAJE,4,Resumen: ESTRATEGIAS DE APRENDIZAJE,1,41,80,39
1,Juan Pérez,4,ESTRATEGIAS DE APRENDIZAJE,4,Resumen: ESTRATEGIAS DE APRENDIZAJE,1,33,73,40
1,Juan Pérez,4,ESTRATEGIAS DE APRENDIZAJE,4,Resumen: ESTRATEGIAS DE APRENDIZAJE,0,46,51,5
1,Juan Pérez,4,ESTRATEGIAS DE APRENDIZAJE,4,Resumen: ESTRATEGIAS DE APRENDIZAJE,1,49,86,37
1,Juan Pérez,4,ESTRATEGIAS DE APRENDIZAJE,4,Resumen: ESTRATEGIAS DE APRENDIZAJE,1,48,84,36
1,Juan Pérez,4,ESTRATEGIAS DE APRENDIZAJE,4,Resumen: ESTRATEGIAS DE APRENDIZAJE,0,44,54,10
1,Juan Pérez,4,ESTRATEGIAS DE APRENDIZAJE,4,Resumen: ESTRATEGIAS DE APRENDIZAJE,0,39,48,9
1,Juan Pérez,4,ESTRATEGIAS DE APRENDIZAJE,4,Resumen: ESTRATEGIAS DE APRENDIZAJE,0,32,37,5
1,Juan Pérez,4,ESTRATEGIAS DE APRENDIZAJE,4,Resumen: ESTRATEGIAS DE APRENDIZAJE,1,33,61,28
1,Juan Pérez,4,ESTRATEGIAS DE APRENDIZAJE,4,Resumen: ESTRATEGIAS DE APRENDIZAJE,1,35,64,29
1,Juan Pérez,4,ESTRATEGIAS DE APRENDIZAJE,4,Resumen: ESTRATEGIAS DE APRENDIZAJE,1,46,75,29
2,María Quispe,4,ESTRATEGIAS DE APRENDIZAJE,4,Resumen: ESTRATEGIAS DE APRENDIZAJE,1,48,78,30
2,María Quispe,4,ESTRATEGIAS DE APRENDIZAJE,4,Resumen: ESTRATEGIAS DE APRENDIZAJE,0,45,55,10
2,María Quispe,4,ESTRATEGIAS DE APRENDIZAJE,4,Resumen: ESTRATEGIAS DE APRENDIZAJE,0,35,42,7
2,María Quispe,4,ESTRATEGIAS DE APRENDIZAJE,4,Resumen: ESTRATEGIAS DE APRENDIZAJE,1,39,74,35
2,María Quispe,4,ESTRATEGIAS DE APRENDIZAJE,4,Resumen: ESTRATEGIAS DE APRENDIZAJE,0,44,49,5
2,María Quispe,4,ESTRATEGIAS DE APRENDIZAJE,4,Resumen: ESTRATEGIAS DE APRENDIZAJE,1,30,61,31
2,María Quispe,4,ESTRATEGIAS DE APRENDIZAJE,4,Resumen: ESTRATEGIAS DE APRENDIZAJE,0,42,50,8
2,María Quispe,4,ESTRATEGIAS DE APRENDIZAJE,4,Resumen: ESTRATEGIAS DE APRENDIZAJE,1,50,90,40
2,María Quispe,4,ESTRATEGIAS DE APRENDIZAJE,4,Resumen: ESTRATEGIAS DE APRENDIZAJE,0,43,50,7
2,María Quispe,4,ESTRATEGIAS DE APRENDIZAJE,4,Resumen: ESTRATEGIAS DE APRENDIZAJE,1,45,70,25
2,María Quispe,4,ESTRATEGIAS DE APRENDIZAJE,4,Resumen: ESTRATEGIAS DE APRENDIZAJE,1,37,70,33
2,María Quispe,4,ESTRATEGIAS DE APRENDIZAJE,4,Resumen: ESTRATEGIAS DE APRENDIZAJE,0,37,39,2
2,María Quispe,4,ESTRATEGIAS DE APRENDIZAJE,4,Resumen: ESTRATEGIAS DE APRENDIZAJE,0,44,51,7
2,María Quispe,4,ESTRATEGIAS DE APRENDIZAJE,4,Resumen: ESTRATEGIAS DE APRENDIZAJE,0,47,56,9
2,María Quispe,4,ESTRATEGIAS DE APRENDIZAJE,4,Resumen: ESTRATEGIAS DE APRENDIZAJE,1,33,69,36
3,Luis Choque,4,ESTRATEGIAS DE APRENDIZAJE,4,Resumen: ESTRATEGIAS DE APRENDIZAJE,0,47,47,0
3,Luis Choque,4,ESTRATEGIAS DE APRENDIZAJE,4,Resumen: ESTRATEGIAS DE APRENDIZAJE,0,44,50,6
3,Luis Choque,4,ESTRATEGIAS DE APRENDIZAJE,4,Resumen: ESTRATEGIAS DE APRENDIZAJE,0,33,43,10
3,Luis Choque,4,ESTRATEGIAS DE APRENDIZAJE,4,Resumen: ESTRATEGIAS DE APRENDIZAJE,1,37,63,26
3,Luis Choque,4,ESTRATEGIAS DE APRENDIZAJE,4,Resumen: ESTRATEGIAS DE APRENDIZAJE,1,44,71,27
3,Luis Choque,4,ESTRATEGIAS DE APRENDIZAJE,4,Resumen: ESTRATEGIAS DE APRENDIZAJE,0,44,45,1
3,Luis Choque,4,ESTRATEGIAS DE APRENDIZAJE,4,Resumen: ESTRATEGIAS DE APRENDIZAJE,1,37,73,36
3,Luis Choque,4,ESTRATEGIAS DE APRENDIZAJE,4,Resumen: ESTRATEGIAS DE APRENDIZAJE,0,49,51,2
3,Luis Choque,4,ESTRATEGIAS DE APRENDIZAJE,4,Resumen: ESTRATEGIAS DE APRENDIZAJE,1,49,80,31
3,Luis Choque,4,ESTRATEGIAS DE APRENDIZAJE,4,Resumen: ESTRATEGIAS DE APRENDIZAJE,0,36,45,9
3,Luis Choque,4,ESTRATEGIAS DE APRENDIZAJE,4,Resumen: ESTRATEGIAS DE APRENDIZAJE,0,41,50,9
3,Luis Choque,4,ESTRATEGIAS DE APRENDIZAJE,4,Resumen: ESTRATEGIAS DE APRENDIZAJE,1,47,81,34
3,Luis Choque,4,ESTRATEGIAS DE APRENDIZAJE,4,Resumen: ESTRATEGIAS DE APRENDIZAJE,0,39,47,8
3,Luis Choque,4,ESTRATEGIAS DE APRENDIZAJE,4,Resumen: ESTRATEGIAS DE APRENDIZAJE,1,33,71,38
3,Luis Choque,4,ESTRATEGIAS DE APRENDIZAJE,4,Resumen: ESTRATEGIAS DE APRENDIZAJE,0,31,41,10
4,Sofía Condori,4,ESTRATEGIAS DE APRENDIZAJE,4,Resumen: ESTRATEGIAS DE APRENDIZAJE,0,34,36,2
4,Sofía Condori,4,ESTRATEGIAS DE APRENDIZAJE,4,Resumen: ESTRATEGIAS DE APRENDIZAJE,1,37,72,35
4,Sofía Condori,4,ESTRATEGIAS DE APRENDIZAJE,4,Resumen: ESTRATEGIAS DE APRENDIZAJE,0,37,47,10
4,Sofía Condori,4,ESTRATEGIAS DE APRENDIZAJE,4,Resumen: ESTRATEGIAS DE APRENDIZAJE,1,42,75,33
4,Sofía Condori,4,ESTRATEGIAS DE APRENDIZAJE,4,Resumen: ESTRATEGIAS DE APRENDIZAJE,1,50,89,39
4,Sofía Condori,4,ESTRATEGIAS DE APRENDIZAJE,4,Resumen: ESTRATEGIAS DE APRENDIZAJE,0,32,33,1
4,Sofía Condori,4,ESTRATEGIAS DE APRENDIZAJE,4,Resumen: ESTRATEGIAS DE APRENDIZAJE,0,42,46,4
4,Sofía Condori,4,ESTRATEGIAS DE APRENDIZAJE,4,Resumen: ESTRATEGIAS DE APRENDIZAJE,1,41,81,40
4,Sofía Condori,4,ESTRATEGIAS DE APRENDIZAJE,4,Resumen: ESTRATEGIAS DE APRENDIZAJE,0,40,41,1
4,Sofía Condori,4,ESTRATEGIAS DE APRENDIZAJE,4,Resumen: ESTRATEGIAS DE APRENDIZAJE,0,44,49,5
4,Sofía Condori,4,ESTRATEGIAS DE APRENDIZAJE,4,Resumen: ESTRATEGIAS DE APRENDIZAJE,0,32,38,6
4,Sofía Condori,4,ESTRATEGIAS DE APRENDIZAJE,4,Resumen: ESTRATEGIAS DE APRENDIZAJE,0,36,39,3
4,Sofía Condori,4,ESTRATEGIAS DE APRENDIZAJE,4,Resumen: ESTRATEGIAS DE APRENDIZAJE,1,45,79,34
4,Sofía Condori,4,ESTRATEGIAS DE APRENDIZAJE,4,Resumen: ESTRATEGIAS DE APRENDIZAJE,0,40,42,2
4,Sofía Condori,4,ESTRATEGIAS DE APRENDIZAJE,4,Resumen: ESTRATEGIAS DE APRENDIZAJE,0,48,53,5
5,Carlos Mamani,4,ESTRATEGIAS DE APRENDIZAJE,4,Resumen: ESTRATEGIAS DE APRENDIZAJE,1,31,70,39
5,Carlos Mamani,4,ESTRATEGIAS DE APRENDIZAJE,4,Resumen: ESTRATEGIAS DE APRENDIZAJE,1,30,60,30
5,Carlos Mamani,4,ESTRATEGIAS DE APRENDIZAJE,4,Resumen: ESTRATEGIAS DE APRENDIZAJE,1,44,82,38
5,Carlos Mamani,4,ESTRATEGIAS DE APRENDIZAJE,4,Resumen: ESTRATEGIAS DE APRENDIZAJE,0,36,38,2
5,Carlos Mamani,4,ESTRATEGIAS DE APRENDIZAJE,4,Resumen: ESTRATEGIAS DE APRENDIZAJE,1,50,83,33
5,Carlos Mamani,4,ESTRATEGIAS DE APRENDIZAJE,4,Resumen: ESTRATEGIAS DE APRENDIZAJE,0,32,36,4
5,Carlos Mamani,4,ESTRATEGIAS DE APRENDIZAJE,4,Resumen: ESTRATEGIAS DE APRENDIZAJE,1,32,62,30
5,Carlos Mamani,4,ESTRATEGIAS DE APRENDIZAJE,4,Resumen: ESTRATEGIAS DE APRENDIZAJE,1,31,65,34
5,Carlos Mamani,4,ESTRATEGIAS DE APRENDIZAJE,4,Resumen: ESTRATEGIAS DE APRENDIZAJE,1,37,64,27
5,Carlos Mamani,4,ESTRATEGIAS DE APRENDIZAJE,4,Resumen: ESTRATEGIAS DE APRENDIZAJE,1,33,73,40
5,Carlos Mamani,4,ESTRATEGIAS DE APRENDIZAJE,4,Resumen: ESTRATEGIAS DE APRENDIZAJE,1,32,64,32
5,Carlos Mamani,4,ESTRATEGIAS DE APRENDIZAJE,4,Resumen: ESTRATEGIAS DE APRENDIZAJE,0,46,46,0
5,Carlos Mamani,4,ESTRATEGIAS DE APRENDIZAJE,4,Resumen: ESTRATEGIAS DE APRENDIZAJE,0,30,31,1
5,Carlos Mamani,4,ESTRATEGIAS DE APRENDIZAJE,4,Resumen: ESTRATEGIAS DE APRENDIZAJE,0,43,50,7
5,Carlos Mamani,4,ESTRATEGIAS DE APRENDIZAJE,4,Resumen: ESTRATEGIAS DE APRENDIZAJE,1,32,59,27
6,Ana Torrez,4,ESTRATEGIAS DE APRENDIZAJE,4,Resumen: ESTRATEGIAS DE APRENDIZAJE,1,33,69,36
6,Ana Torrez,4,ESTRATEGIAS DE APRENDIZAJE,4,Resumen: ESTRATEGIAS DE APRENDIZAJE,1,39,68,29
6,Ana Torrez,4,ESTRATEGIAS DE APRENDIZAJE,4,Resumen: ESTRATEGIAS DE APRENDIZAJE,0,50,52,2
6,Ana Torrez,4,ESTRATEGIAS DE APRENDIZAJE,4,Resumen: ESTRATEGIAS DE APRENDIZAJE,0,32,32,0
6,Ana Torrez,4,ESTRATEGIAS DE APRENDIZAJE,4,Resumen: ESTRATEGIAS DE APRENDIZAJE,0,49,56,7
6,Ana Torrez,4,ESTRATEGIAS DE APRENDIZAJE,4,Resumen: ESTRATEGIAS DE APRENDIZAJE,0,41,51,10
6,Ana Torrez,4,ESTRATEGIAS DE APRENDIZAJE,4,Resumen: ESTRATEGIAS DE APRENDIZAJE,0,34,43,9
6,Ana Torrez,4,ESTRATEGIAS DE APRENDIZAJE,4,Resumen: ESTRATEGIAS DE APRENDIZAJE,0,44,45,1
6,Ana Torrez,4,ESTRATEGIAS DE APRENDIZAJE,4,Resumen: ESTRATEGIAS DE APRENDIZAJE,1,33,61,28
6,Ana Torrez,4,ESTRATEGIAS DE APRENDIZAJE,4,Resumen: ESTRATEGIAS DE APRENDIZAJE,0,48,53,5
6,Ana Torrez,4,ESTRATEGIAS DE APRENDIZAJE,4,Resumen: ESTRATEGIAS DE APRENDIZAJE,1,43,72,29
6,Ana Torrez,4,ESTRATEGIAS DE APRENDIZAJE,4,Resumen: ESTRATEGIAS DE APRENDIZAJE,1,37,64,27
6,Ana Torrez,4,ESTRATEGIAS DE APRENDIZAJE,4,Resumen: ESTRATEGIAS DE APRENDIZAJE,0,37,46,9
6,Ana Torrez,4,ESTRATEGIAS DE APRENDIZAJE,4,Resumen: ESTRATEGIAS DE APRENDIZAJE,1,49,74,25
6,Ana Torrez,4,ESTRATEGIAS DE APRENDIZAJE,4,Resumen: ESTRATEGIAS DE APRENDIZAJE,1,39,70,31
7,Diego Huanca,4,ESTRATEGIAS DE APRENDIZAJE,4,Resumen: ESTRATEGIAS DE APRENDIZAJE,1,42,68,26
7,Diego Huanca,4,ESTRATEGIAS DE APRENDIZAJE,4,Resumen: ESTRATEGIAS DE APRENDIZAJE,1,37,65,28
7,Diego Huanca,4,ESTRATEGIAS DE APRENDIZAJE,4,Resumen: ESTRATEGIAS DE APRENDIZAJE,1,37,64,27
7,Diego Huanca,4,ESTRATEGIAS DE APRENDIZAJE,4,Resumen: ESTRATEGIAS DE APRENDIZAJE,0,46,46,0
7,Diego Huanca,4,ESTRATEGIAS DE APRENDIZAJE,4,Resumen: ESTRATEGIAS DE APRENDIZAJE,0,41,43,2
7,Diego Huanca,4,ESTRATEGIAS DE APRENDIZAJE,4,Resumen: ESTRATEGIAS DE APRENDIZAJE,0,42,51,9
7,Diego Huanca,4,ESTRATEGIAS DE APRENDIZAJE,4,Resumen: ESTRATEGIAS DE APRENDIZAJE,1,43,73,30
7,Diego Huanca,4,ESTRATEGIAS DE APRENDIZAJE,4,Resumen: ESTRATEGIAS DE APRENDIZAJE,0,45,46,1
7,Diego Huanca,4,ESTRATEGIAS DE APRENDIZAJE,4,Resumen: ESTRATEGIAS DE APRENDIZAJE,0,30,30,0
7,Diego Huanca,4,ESTRATEGIAS DE APRENDIZAJE,4,Resumen: ESTRATEGIAS DE APRENDIZAJE,1,38,64,26
7,Diego Huanca,4,ESTRATEGIAS DE APRENDIZAJE,4,Resumen: ESTRATEGIAS DE APRENDIZAJE,0,42,52,10
7,Diego Huanca,4,ESTRATEGIAS DE APRENDIZAJE,4,Resumen: ESTRATEGIAS DE APRENDIZAJE,0,46,52,6
7,Diego Huanca,4,ESTRATEGIAS DE APRENDIZAJE,4,Resumen: ESTRATEGIAS DE APRENDIZAJE,1,42,71,29
7,Diego Huanca,4,ESTRATEGIAS DE APRENDIZAJE,4,Resumen: ESTRATEGIAS DE APRENDIZAJE,1,38,65,27
7,Diego Huanca,4,ESTRATEGIAS DE APRENDIZAJE,4,Resumen: ESTRATEGIAS DE APRENDIZAJE,0,46,48,2
8,Lucía Apaza,4,ESTRATEGIAS DE APRENDIZAJE,4,Resumen: ESTRATEGIAS DE APRENDIZAJE,1,47,74,27
8,Lucía Apaza,4,ESTRATEGIAS DE APRENDIZAJE,4,Resumen: ESTRATEGIAS DE APRENDIZAJE,0,39,42,3
8,Lucía Apaza,4,ESTRATEGIAS DE APRENDIZAJE,4,Resumen: ESTRATEGIAS DE APRENDIZAJE,1,31,69,38
8,Lucía Apaza,4,ESTRATEGIAS DE APRENDIZAJE,4,Resumen: ESTRATEGIAS DE APRENDIZAJE,1,33,59,26
8,Lucía Apaza,4,ESTRATEGIAS DE APRENDIZAJE,4,Resumen: ESTRATEGIAS DE APRENDIZAJE,0,39,49,10
8,Lucía Apaza,4,ESTRATEGIAS DE APRENDIZAJE,4,Resumen: ESTRATEGIAS DE APRENDIZAJE,1,35,64,29
8,Lucía Apaza,4,ESTRATEGIAS DE APRENDIZAJE,4,Resumen: ESTRATEGIAS DE APRENDIZAJE,1,30,66,36
8,Lucía Apaza,4,ESTRATEGIAS DE APRENDIZAJE,4,Resumen: ESTRATEGIAS DE APRENDIZAJE,0,46,50,4
8,Lucía Apaza,4,ESTRATEGIAS DE APRENDIZAJE,4,Resumen: ESTRATEGIAS DE APRENDIZAJE,1,35,68,33
8,Lucía Apaza,4,ESTRATEGIAS DE APRENDIZAJE,4,Resumen: ESTRATEGIAS DE APRENDIZAJE,0,33,33,0
8,Lucía Apaza,4,ESTRATEGIAS DE APRENDIZAJE,4,Resumen: ESTRATEGIAS DE APRENDIZAJE,0,40,44,4
8,Lucía Apaza,4,ESTRATEGIAS DE APRENDIZAJE,4,Resumen: ESTRATEGIAS DE APRENDIZAJE,1,46,73,27
8,Lucía Apaza,4,ESTRATEGIAS DE APRENDIZAJE,4,Resumen: ESTRATEGIAS DE APRENDIZAJE,1,45,81,36
8,Lucía Apaza,4,ESTRATEGIAS DE APRENDIZAJE,4,Resumen: ESTRATEGIAS DE APRENDIZAJE,1,31,61,30
8,Lucía Apaza,4,ESTRATEGIAS DE APRENDIZAJE,4,Resumen: ESTRATEGIAS DE APRENDIZAJE,1,41,69,28
9,Fernando Quispe,4,ESTRATEGIAS DE APRENDIZAJE,4,Resumen: ESTRATEGIAS DE APRENDIZAJE,0,48,49,1
9,Fernando Quispe,4,ESTRATEGIAS DE APRENDIZAJE,4,Resumen: ESTRATEGIAS DE APRENDIZAJE,0,37,37,0
9,Fernando Quispe,4,ESTRATEGIAS DE APRENDIZAJE,4,Resumen: ESTRATEGIAS DE APRENDIZAJE,0,31,31,0
9,Fernando Quispe,4,ESTRATEGIAS DE APRENDIZAJE,4,Resumen: ESTRATEGIAS DE APRENDIZAJE,1,37,73,36
9,Fernando Quispe,4,ESTRATEGIAS DE APRENDIZAJE,4,Resumen: ESTRATEGIAS DE APRENDIZAJE,0,42,44,2
9,Fernando Quispe,4,ESTRATEGIAS DE APRENDIZAJE,4,Resumen: ESTRATEGIAS DE APRENDIZAJE,0,31,41,10
9,Fernando Quispe,4,ESTRATEGIAS DE APRENDIZAJE,4,Resumen: ESTRATEGIAS DE APRENDIZAJE,1,43,75,32
9,Fernando Quispe,4,ESTRATEGIAS DE APRENDIZAJE,4,Resumen: ESTRATEGIAS DE APRENDIZAJE,0,43,48,5
9,Fernando Quispe,4,ESTRATEGIAS DE APRENDIZAJE,4,Resumen: ESTRATEGIAS DE APRENDIZAJE,0,38,47,9
9,Fernando Quispe,4,ESTRATEGIAS DE APRENDIZAJE,4,Resumen: ESTRATEGIAS DE APRENDIZAJE,1,41,67,26
9,Fernando Quispe,4,ESTRATEGIAS DE APRENDIZAJE,4,Resumen: ESTRATEGIAS DE APRENDIZAJE,1,35,61,26
9,Fernando Quispe,4,ESTRATEGIAS DE APRENDIZAJE,4,Resumen: ESTRATEGIAS DE APRENDIZAJE,1,42,81,39
9,Fernando Quispe,4,ESTRATEGIAS DE APRENDIZAJE,4,Resumen: ESTRATEGIAS DE APRENDIZAJE,0,39,43,4
9,Fernando Quispe,4,ESTRATEGIAS DE APRENDIZAJE,4,Resumen: ESTRATEGIAS DE APRENDIZAJE,1,40,79,39
9,Fernando Quispe,4,ESTRATEGIAS DE APRENDIZAJE,4,Resumen: ESTRATEGIAS DE APRENDIZAJE,1,30,64,34
10,Camila Mendoza,4,ESTRATEGIAS DE APRENDIZAJE,4,Resumen: ESTRATEGIAS DE APRENDIZAJE,0,48,57,9
10,Camila Mendoza,4,ESTRATEGIAS DE APRENDIZAJE,4,Resumen: ESTRATEGIAS DE APRENDIZAJE,1,37,77,40
10,Camila Mendoza,4,ESTRATEGIAS DE APRENDIZAJE,4,Resumen: ESTRATEGIAS DE APRENDIZAJE,0,36,44,8
10,Camila Mendoza,4,ESTRATEGIAS DE APRENDIZAJE,4,Resumen: ESTRATEGIAS DE APRENDIZAJE,1,37,75,38
10,Camila Mendoza,4,ESTRATEGIAS DE APRENDIZAJE,4,Resumen: ESTRATEGIAS DE APRENDIZAJE,1,30,66,36
10,Camila Mendoza,4,ESTRATEGIAS DE APRENDIZAJE,4,Resumen: ESTRATEGIAS DE APRENDIZAJE,0,50,50,0
10,Camila Mendoza,4,ESTRATEGIAS DE APRENDIZAJE,4,Resumen: ESTRATEGIAS DE APRENDIZAJE,1,40,77,37
10,Camila Mendoza,4,ESTRATEGIAS DE APRENDIZAJE,4,Resumen: ESTRATEGIAS DE APRENDIZAJE,1,39,71,32
10,Camila Mendoza,4,ESTRATEGIAS DE APRENDIZAJE,4,Resumen: ESTRATEGIAS DE APRENDIZAJE,1,43,69,26
10,Camila Mendoza,4,ESTRATEGIAS DE APRENDIZAJE,4,Resumen: ESTRATEGIAS DE APRENDIZAJE,0,34,35,1
10,Camila Mendoza,4,ESTRATEGIAS DE APRENDIZAJE,4,Resumen: ESTRATEGIAS DE APRENDIZAJE,0,31,39,8
10,Camila Mendoza,4,ESTRATEGIAS DE APRENDIZAJE,4,Resumen: ESTRATEGIAS DE APRENDIZAJE,0,43,48,5
10,Camila Mendoza,4,ESTRATEGIAS DE APRENDIZAJE,4,Resumen: ESTRATEGIAS DE APRENDIZAJE,0,44,45,1
10,Camila Mendoza,4,ESTRATEGIAS DE APRENDIZAJE,4,Resumen: ESTRATEGIAS DE APRENDIZAJE,1,48,77,29
10,Camila Mendoza,4,ESTRATEGIAS DE APRENDIZAJE,4,Resumen: ESTRATEGIAS DE APRENDIZAJE,0,50,51,1
11,Roberto Copa,4,ESTRATEGIAS DE APRENDIZAJE,4,Resumen: ESTRATEGIAS DE APRENDIZAJE,0,48,54,6
11,Roberto Copa,4,ESTRATEGIAS DE APRENDIZAJE,4,Resumen: ESTRATEGIAS DE APRENDIZAJE,1,34,67,33
11,Roberto Copa,4,ESTRATEGIAS DE APRENDIZAJE,4,Resumen: ESTRATEGIAS DE APRENDIZAJE,0,40,46,6
11,Roberto Copa,4,ESTRATEGIAS DE APRENDIZAJE,4,Resumen: ESTRATEGIAS DE APRENDIZAJE,1,40,73,33
11,Roberto Copa,4,ESTRATEGIAS DE APRENDIZAJE,4,Resumen: ESTRATEGIAS DE APRENDIZAJE,1,37,68,31
11,Roberto Copa,4,ESTRATEGIAS DE APRENDIZAJE,4,Resumen: ESTRATEGIAS DE APRENDIZAJE,0,34,43,9
11,Roberto Copa,4,ESTRATEGIAS DE APRENDIZAJE,4,Resumen: ESTRATEGIAS DE APRENDIZAJE,1,33,63,30
11,Roberto Copa,4,ESTRATEGIAS DE APRENDIZAJE,4,Resumen: ESTRATEGIAS DE APRENDIZAJE,1,44,82,38
11,Roberto Copa,4,ESTRATEGIAS DE APRENDIZAJE,4,Resumen: ESTRATEGIAS DE APRENDIZAJE,0,33,36,3
11,Roberto Copa,4,ESTRATEGIAS DE APRENDIZAJE,4,Resumen: ESTRATEGIAS DE APRENDIZAJE,1,44,77,33
11,Roberto Copa,4,ESTRATEGIAS DE APRENDIZAJE,4,Resumen: ESTRATEGIAS DE APRENDIZAJE,1,33,67,34
11,Roberto Copa,4,ESTRATEGIAS DE APRENDIZAJE,4,Resumen: ESTRATEGIAS DE APRENDIZAJE,1,49,84,35
11,Roberto Copa,4,ESTRATEGIAS DE APRENDIZAJE,4,Resumen: ESTRATEGIAS DE APRENDIZAJE,1,34,66,32
11,Roberto Copa,4,ESTRATEGIAS DE APRENDIZAJE,4,Resumen: ESTRATEGIAS DE APRENDIZAJE,1,41,67,26
11,Roberto Copa,4,ESTRATEGIAS DE APRENDIZAJE,4,Resumen: ESTRATEGIAS DE APRENDIZAJE,1,39,69,30
12,Valeria Silva,4,ESTRATEGIAS DE APRENDIZAJE,4,Resumen: ESTRATEGIAS DE APRENDIZAJE,0,30,37,7
12,Valeria Silva,4,ESTRATEGIAS DE APRENDIZAJE,4,Resumen: ESTRATEGIAS DE APRENDIZAJE,0,47,50,3
12,Valeria Silva,4,ESTRATEGIAS DE APRENDIZAJE,4,Resumen: ESTRATEGIAS DE APRENDIZAJE,1,33,62,29
12,Valeria Silva,4,ESTRATEGIAS DE APRENDIZAJE,4,Resumen: ESTRATEGIAS DE APRENDIZAJE,1,33,65,32
12,Valeria Silva,4,ESTRATEGIAS DE APRENDIZAJE,4,Resumen: ESTRATEGIAS DE APRENDIZAJE,1,34,71,37
12,Valeria Silva,4,ESTRATEGIAS DE APRENDIZAJE,4,Resumen: ESTRATEGIAS DE APRENDIZAJE,0,41,51,10
12,Valeria Silva,4,ESTRATEGIAS DE APRENDIZAJE,4,Resumen: ESTRATEGIAS DE APRENDIZAJE,0,32,36,4
12,Valeria Silva,4,ESTRATEGIAS DE APRENDIZAJE,4,Resumen: ESTRATEGIAS DE APRENDIZAJE,1,32,59,27
12,Valeria Silva,4,ESTRATEGIAS DE APRENDIZAJE,4,Resumen: ESTRATEGIAS DE APRENDIZAJE,0,36,43,7
12,Valeria Silva,4,ESTRATEGIAS DE APRENDIZAJE,4,Resumen: ESTRATEGIAS DE APRENDIZAJE,1,34,69,35
12,Valeria Silva,4,ESTRATEGIAS DE APRENDIZAJE,4,Resumen: ESTRATEGIAS DE APRENDIZAJE,1,33,72,39
12,Valeria Silva,4,ESTRATEGIAS DE APRENDIZAJE,4,Resumen: ESTRATEGIAS DE APRENDIZAJE,1,31,69,38
12,Valeria Silva,4,ESTRATEGIAS DE APRENDIZAJE,4,Resumen: ESTRATEGIAS DE APRENDIZAJE,1,42,79,37
12,Valeria Silva,4,ESTRATEGIAS DE APRENDIZAJE,4,Resumen: ESTRATEGIAS DE APRENDIZAJE,1,43,74,31
12,Valeria Silva,4,ESTRATEGIAS DE APRENDIZAJE,4,Resumen: ESTRATEGIAS DE APRENDIZAJE,1,35,74,39
13,Andrés Vargas,4,ESTRATEGIAS DE APRENDIZAJE,4,Resumen: ESTRATEGIAS DE APRENDIZAJE,1,34,66,32
13,Andrés Vargas,4,ESTRATEGIAS DE APRENDIZAJE,4,Resumen: ESTRATEGIAS DE APRENDIZAJE,1,50,88,38
13,Andrés Vargas,4,ESTRATEGIAS DE APRENDIZAJE,4,Resumen: ESTRATEGIAS DE APRENDIZAJE,1,47,74,27
13,Andrés Vargas,4,ESTRATEGIAS DE APRENDIZAJE,4,Resumen: ESTRATEGIAS DE APRENDIZAJE,1,38,76,38
13,Andrés Vargas,4,ESTRATEGIAS DE APRENDIZAJE,4,Resumen: ESTRATEGIAS DE APRENDIZAJE,0,36,44,8
13,Andrés Vargas,4,ESTRATEGIAS DE APRENDIZAJE,4,Resumen: ESTRATEGIAS DE APRENDIZAJE,0,37,45,8
13,Andrés Vargas,4,ESTRATEGIAS DE APRENDIZAJE,4,Resumen: ESTRATEGIAS DE APRENDIZAJE,0,30,35,5
13,Andrés Vargas,4,ESTRATEGIAS DE APRENDIZAJE,4,Resumen: ESTRATEGIAS DE APRENDIZAJE,0,45,52,7
13,Andrés Vargas,4,ESTRATEGIAS DE APRENDIZAJE,4,Resumen: ESTRATEGIAS DE APRENDIZAJE,0,41,49,8
13,Andrés Vargas,4,ESTRATEGIAS DE APRENDIZAJE,4,Resumen: ESTRATEGIAS DE APRENDIZAJE,1,40,70,30
13,Andrés Vargas,4,ESTRATEGIAS DE APRENDIZAJE,4,Resumen: ESTRATEGIAS DE APRENDIZAJE,1,30,62,32
13,Andrés Vargas,4,ESTRATEGIAS DE APRENDIZAJE,4,Resumen: ESTRATEGIAS DE APRENDIZAJE,0,30,34,4
13,Andrés Vargas,4,ESTRATEGIAS DE APRENDIZAJE,4,Resumen: ESTRATEGIAS DE APRENDIZAJE,0,31,38,7
13,Andrés Vargas,4,ESTRATEGIAS DE APRENDIZAJE,4,Resumen: ESTRATEGIAS DE APRENDIZAJE,1,46,78,32
13,Andrés Vargas,4,ESTRATEGIAS DE APRENDIZAJE,4,Resumen: ESTRATEGIAS DE APRENDIZAJE,1,35,67,32
14,Daniela Ramos,4,ESTRATEGIAS DE APRENDIZAJE,4,Resumen: ESTRATEGIAS DE APRENDIZAJE,0,38,38,0
14,Daniela Ramos,4,ESTRATEGIAS DE APRENDIZAJE,4,Resumen: ESTRATEGIAS DE APRENDIZAJE,0,37,43,6
14,Daniela Ramos,4,ESTRATEGIAS DE APRENDIZAJE,4,Resumen: ESTRATEGIAS DE APRENDIZAJE,0,41,43,2
14,Daniela Ramos,4,ESTRATEGIAS DE APRENDIZAJE,4,Resumen: ESTRATEGIAS DE APRENDIZAJE,1,35,70,35
14,Daniela Ramos,4,ESTRATEGIAS DE APRENDIZAJE,4,Resumen: ESTRATEGIAS DE APRENDIZAJE,0,41,41,0
14,Daniela Ramos,4,ESTRATEGIAS DE APRENDIZAJE,4,Resumen: ESTRATEGIAS DE APRENDIZAJE,0,41,50,9
14,Daniela Ramos,4,ESTRATEGIAS DE APRENDIZAJE,4,Resumen: ESTRATEGIAS DE APRENDIZAJE,0,34,37,3
14,Daniela Ramos,4,ESTRATEGIAS DE APRENDIZAJE,4,Resumen: ESTRATEGIAS DE APRENDIZAJE,0,45,47,2
14,Daniela Ramos,4,ESTRATEGIAS DE APRENDIZAJE,4,Resumen: ESTRATEGIAS DE APRENDIZAJE,1,45,71,26
14,Daniela Ramos,4,ESTRATEGIAS DE APRENDIZAJE,4,Resumen: ESTRATEGIAS DE APRENDIZAJE,0,37,37,0
14,Daniela Ramos,4,ESTRATEGIAS DE APRENDIZAJE,4,Resumen: ESTRATEGIAS DE APRENDIZAJE,1,46,81,35
14,Daniela Ramos,4,ESTRATEGIAS DE APRENDIZAJE,4,Resumen: ESTRATEGIAS DE APRENDIZAJE,1,49,78,29
14,Daniela Ramos,4,ESTRATEGIAS DE APRENDIZAJE,4,Resumen: ESTRATEGIAS DE APRENDIZAJE,0,40,45,5
14,Daniela Ramos,4,ESTRATEGIAS DE APRENDIZAJE,4,Resumen: ESTRATEGIAS DE APRENDIZAJE,1,31,60,29
14,Daniela Ramos,4,ESTRATEGIAS DE APRENDIZAJE,4,Resumen: ESTRATEGIAS DE APRENDIZAJE,0,33,38,5
15,Gabriel Llanque,4,ESTRATEGIAS DE APRENDIZAJE,4,Resumen: ESTRATEGIAS DE APRENDIZAJE,1,32,69,37
15,Gabriel Llanque,4,ESTRATEGIAS DE APRENDIZAJE,4,Resumen: ESTRATEGIAS DE APRENDIZAJE,1,48,82,34
15,Gabriel Llanque,4,ESTRATEGIAS DE APRENDIZAJE,4,Resumen: ESTRATEGIAS DE APRENDIZAJE,1,40,70,30
15,Gabriel Llanque,4,ESTRATEGIAS DE APRENDIZAJE,4,Resumen: ESTRATEGIAS DE APRENDIZAJE,0,43,50,7
15,Gabriel Llanque,4,ESTRATEGIAS DE APRENDIZAJE,4,Resumen: ESTRATEGIAS DE APRENDIZAJE,1,50,86,36
15,Gabriel Llanque,4,ESTRATEGIAS DE APRENDIZAJE,4,Resumen: ESTRATEGIAS DE APRENDIZAJE,0,37,39,2
15,Gabriel Llanque,4,ESTRATEGIAS DE APRENDIZAJE,4,Resumen: ESTRATEGIAS DE APRENDIZAJE,1,42,76,34
15,Gabriel Llanque,4,ESTRATEGIAS DE APRENDIZAJE,4,Resumen: ESTRATEGIAS DE APRENDIZAJE,1,34,59,25
15,Gabriel Llanque,4,ESTRATEGIAS DE APRENDIZAJE,4,Resumen: ESTRATEGIAS DE APRENDIZAJE,1,48,74,26
15,Gabriel Llanque,4,ESTRATEGIAS DE APRENDIZAJE,4,Resumen: ESTRATEGIAS DE APRENDIZAJE,0,35,44,9
15,Gabriel Llanque,4,ESTRATEGIAS DE APRENDIZAJE,4,Resumen: ESTRATEGIAS DE APRENDIZAJE,0,37,38,1
15,Gabriel Llanque,4,ESTRATEGIAS DE APRENDIZAJE,4,Resumen: ESTRATEGIAS DE APRENDIZAJE,1,45,72,27
15,Gabriel Llanque,4,ESTRATEGIAS DE APRENDIZAJE,4,Resumen: ESTRATEGIAS DE APRENDIZAJE,1,37,72,35
15,Gabriel Llanque,4,ESTRATEGIAS DE APRENDIZAJE,4,Resumen: ESTRATEGIAS DE APRENDIZAJE,0,35,36,1
15,Gabriel Llanque,4,ESTRATEGIAS DE APRENDIZAJE,4,Resumen: ESTRATEGIAS DE APRENDIZAJE,0,50,55,5
16,Patricia Salinas,4,ESTRATEGIAS DE APRENDIZAJE,4,Resumen: ESTRATEGIAS DE APRENDIZAJE,1,44,75,31
16,Patricia Salinas,4,ESTRATEGIAS DE APRENDIZAJE,4,Resumen: ESTRATEGIAS DE APRENDIZAJE,0,37,42,5
16,Patricia Salinas,4,ESTRATEGIAS DE APRENDIZAJE,4,Resumen: ESTRATEGIAS DE APRENDIZAJE,0,38,38,0
16,Patricia Salinas,4,ESTRATEGIAS DE APRENDIZAJE,4,Resumen: ESTRATEGIAS DE APRENDIZAJE,1,31,69,38
16,Patricia Salinas,4,ESTRATEGIAS DE APRENDIZAJE,4,Resumen: ESTRATEGIAS DE APRENDIZAJE,0,35,42,7
16,Patricia Salinas,4,ESTRATEGIAS DE APRENDIZAJE,4,Resumen: ESTRATEGIAS DE APRENDIZAJE,1,42,79,37
16,Patricia Salinas,4,ESTRATEGIAS DE APRENDIZAJE,4,Resumen: ESTRATEGIAS DE APRENDIZAJE,0,33,42,9
16,Patricia Salinas,4,ESTRATEGIAS DE APRENDIZAJE,4,Resumen: ESTRATEGIAS DE APRENDIZAJE,0,50,53,3
16,Patricia Salinas,4,ESTRATEGIAS DE APRENDIZAJE,4,Resumen: ESTRATEGIAS DE APRENDIZAJE,1,35,61,26
16,Patricia Salinas,4,ESTRATEGIAS DE APRENDIZAJE,4,Resumen: ESTRATEGIAS DE APRENDIZAJE,1,39,72,33
16,Patricia Salinas,4,ESTRATEGIAS DE APRENDIZAJE,4,Resumen: ESTRATEGIAS DE APRENDIZAJE,1,33,63,30
16,Patricia Salinas,4,ESTRATEGIAS DE APRENDIZAJE,4,Resumen: ESTRATEGIAS DE APRENDIZAJE,1,42,69,27
16,Patricia Salinas,4,ESTRATEGIAS DE APRENDIZAJE,4,Resumen: ESTRATEGIAS DE APRENDIZAJE,0,47,48,1
16,Patricia Salinas,4,ESTRATEGIAS DE APRENDIZAJE,4,Resumen: ESTRATEGIAS DE APRENDIZAJE,0,40,49,9
16,Patricia Salinas,4,ESTRATEGIAS DE APRENDIZAJE,4,Resumen: ESTRATEGIAS DE APRENDIZAJE,0,45,51,6
17,Mateo Chipana,4,ESTRATEGIAS DE APRENDIZAJE,4,Resumen: ESTRATEGIAS DE APRENDIZAJE,1,50,88,38
17,Mateo Chipana,4,ESTRATEGIAS DE APRENDIZAJE,4,Resumen: ESTRATEGIAS DE APRENDIZAJE,1,35,70,35
17,Mateo Chipana,4,ESTRATEGIAS DE APRENDIZAJE,4,Resumen: ESTRATEGIAS DE APRENDIZAJE,0,36,42,6
17,Mateo Chipana,4,ESTRATEGIAS DE APRENDIZAJE,4,Resumen: ESTRATEGIAS DE APRENDIZAJE,0,47,55,8
17,Mateo Chipana,4,ESTRATEGIAS DE APRENDIZAJE,4,Resumen: ESTRATEGIAS DE APRENDIZAJE,0,38,42,4
17,Mateo Chipana,4,ESTRATEGIAS DE APRENDIZAJE,4,Resumen: ESTRATEGIAS DE APRENDIZAJE,1,37,74,37
17,Mateo Chipana,4,ESTRATEGIAS DE APRENDIZAJE,4,Resumen: ESTRATEGIAS DE APRENDIZAJE,0,48,55,7
17,Mateo Chipana,4,ESTRATEGIAS DE APRENDIZAJE,4,Resumen: ESTRATEGIAS DE APRENDIZAJE,1,34,59,25
17,Mateo Chipana,4,ESTRATEGIAS DE APRENDIZAJE,4,Resumen: ESTRATEGIAS DE APRENDIZAJE,1,43,83,40
17,Mateo Chipana,4,ESTRATEGIAS DE APRENDIZAJE,4,Resumen: ESTRATEGIAS DE APRENDIZAJE,1,36,67,31
17,Mateo Chipana,4,ESTRATEGIAS DE APRENDIZAJE,4,Resumen: ESTRATEGIAS DE APRENDIZAJE,0,35,36,1
17,Mateo Chipana,4,ESTRATEGIAS DE APRENDIZAJE,4,Resumen: ESTRATEGIAS DE APRENDIZAJE,0,45,49,4
17,Mateo Chipana,4,ESTRATEGIAS DE APRENDIZAJE,4,Resumen: ESTRATEGIAS DE APRENDIZAJE,1,42,75,33
17,Mateo Chipana,4,ESTRATEGIAS DE APRENDIZAJE,4,Resumen: ESTRATEGIAS DE APRENDIZAJE,0,32,38,6
17,Mateo Chipana,4,ESTRATEGIAS DE APRENDIZAJE,4,Resumen: ESTRATEGIAS DE APRENDIZAJE,1,35,72,37
18,Isabella Cárdenas,4,ESTRATEGIAS DE APRENDIZAJE,4,Resumen: ESTRATEGIAS DE APRENDIZAJE,1,41,67,26
18,Isabella Cárdenas,4,ESTRATEGIAS DE APRENDIZAJE,4,Resumen: ESTRATEGIAS DE APRENDIZAJE,1,38,71,33
18,Isabella Cárdenas,4,ESTRATEGIAS DE APRENDIZAJE,4,Resumen: ESTRATEGIAS DE APRENDIZAJE,0,37,46,9
18,Isabella Cárdenas,4,ESTRATEGIAS DE APRENDIZAJE,4,Resumen: ESTRATEGIAS DE APRENDIZAJE,1,31,59,28
18,Isabella Cárdenas,4,ESTRATEGIAS DE APRENDIZAJE,4,Resumen: ESTRATEGIAS DE APRENDIZAJE,0,32,40,8
18,Isabella Cárdenas,4,ESTRATEGIAS DE APRENDIZAJE,4,Resumen: ESTRATEGIAS DE APRENDIZAJE,0,43,52,9
18,Isabella Cárdenas,4,ESTRATEGIAS DE APRENDIZAJE,4,Resumen: ESTRATEGIAS DE APRENDIZAJE,0,37,43,6
18,Isabella Cárdenas,4,ESTRATEGIAS DE APRENDIZAJE,4,Resumen: ESTRATEGIAS DE APRENDIZAJE,1,46,86,40
18,Isabella Cárdenas,4,ESTRATEGIAS DE APRENDIZAJE,4,Resumen: ESTRATEGIAS DE APRENDIZAJE,0,48,55,7
18,Isabella Cárdenas,4,ESTRATEGIAS DE APRENDIZAJE,4,Resumen: ESTRATEGIAS DE APRENDIZAJE,1,39,65,26
18,Isabella Cárdenas,4,ESTRATEGIAS DE APRENDIZAJE,4,Resumen: ESTRATEGIAS DE APRENDIZAJE,0,46,54,8
18,Isabella Cárdenas,4,ESTRATEGIAS DE APRENDIZAJE,4,Resumen: ESTRATEGIAS DE APRENDIZAJE,0,48,57,9
18,Isabella Cárdenas,4,ESTRATEGIAS DE APRENDIZAJE,4,Resumen: ESTRATEGIAS DE APRENDIZAJE,1,34,73,39
18,Isabella Cárdenas,4,ESTRATEGIAS DE APRENDIZAJE,4,Resumen: ESTRATEGIAS DE APRENDIZAJE,0,35,37,2
18,Isabella Cárdenas,4,ESTRATEGIAS DE APRENDIZAJE,4,Resumen: ESTRATEGIAS DE APRENDIZAJE,0,36,38,2
19,Sebastián Machaca,4,ESTRATEGIAS DE APRENDIZAJE,4,Resumen: ESTRATEGIAS DE APRENDIZAJE,1,31,69,38
19,Sebastián Machaca,4,ESTRATEGIAS DE APRENDIZAJE,4,Resumen: ESTRATEGIAS DE APRENDIZAJE,0,36,46,10
19,Sebastián Machaca,4,ESTRATEGIAS DE APRENDIZAJE,4,Resumen: ESTRATEGIAS DE APRENDIZAJE,0,34,38,4
19,Sebastián Machaca,4,ESTRATEGIAS DE APRENDIZAJE,4,Resumen: ESTRATEGIAS DE APRENDIZAJE,0,40,41,1
19,Sebastián Machaca,4,ESTRATEGIAS DE APRENDIZAJE,4,Resumen: ESTRATEGIAS DE APRENDIZAJE,1,32,69,37
19,Sebastián Machaca,4,ESTRATEGIAS DE APRENDIZAJE,4,Resumen: ESTRATEGIAS DE APRENDIZAJE,1,47,80,33
19,Sebastián Machaca,4,ESTRATEGIAS DE APRENDIZAJE,4,Resumen: ESTRATEGIAS DE APRENDIZAJE,1,46,71,25
19,Sebastián Machaca,4,ESTRATEGIAS DE APRENDIZAJE,4,Resumen: ESTRATEGIAS DE APRENDIZAJE,0,49,55,6
19,Sebastián Machaca,4,ESTRATEGIAS DE APRENDIZAJE,4,Resumen: ESTRATEGIAS DE APRENDIZAJE,1,33,62,29
19,Sebastián Machaca,4,ESTRATEGIAS DE APRENDIZAJE,4,Resumen: ESTRATEGIAS DE APRENDIZAJE,0,48,49,1
19,Sebastián Machaca,4,ESTRATEGIAS DE APRENDIZAJE,4,Resumen: ESTRATEGIAS DE APRENDIZAJE,0,33,34,1
19,Sebastián Machaca,4,ESTRATEGIAS DE APRENDIZAJE,4,Resumen: ESTRATEGIAS DE APRENDIZAJE,0,39,44,5
19,Sebastián Machaca,4,ESTRATEGIAS DE APRENDIZAJE,4,Resumen: ESTRATEGIAS DE APRENDIZAJE,1,43,83,40
19,Sebastián Machaca,4,ESTRATEGIAS DE APRENDIZAJE,4,Resumen: ESTRATEGIAS DE APRENDIZAJE,0,48,48,0
19,Sebastián Machaca,4,ESTRATEGIAS DE APRENDIZAJE,4,Resumen: ESTRATEGIAS DE APRENDIZAJE,1,35,64,29
20,Renata Zárate,4,ESTRATEGIAS DE APRENDIZAJE,4,Resumen: ESTRATEGIAS DE APRENDIZAJE,0,49,55,6
20,Renata Zárate,4,ESTRATEGIAS DE APRENDIZAJE,4,Resumen: ESTRATEGIAS DE APRENDIZAJE,1,31,66,35
20,Renata Zárate,4,ESTRATEGIAS DE APRENDIZAJE,4,Resumen: ESTRATEGIAS DE APRENDIZAJE,1,37,77,40
20,Renata Zárate,4,ESTRATEGIAS DE APRENDIZAJE,4,Resumen: ESTRATEGIAS DE APRENDIZAJE,0,38,38,0
20,Renata Zárate,4,ESTRATEGIAS DE APRENDIZAJE,4,Resumen: ESTRATEGIAS DE APRENDIZAJE,0,40,44,4
20,Renata Zárate,4,ESTRATEGIAS DE APRENDIZAJE,4,Resumen: ESTRATEGIAS DE APRENDIZAJE,1,39,79,40
20,Renata Zárate,4,ESTRATEGIAS DE APRENDIZAJE,4,Resumen: ESTRATEGIAS DE APRENDIZAJE,0,33,36,3
20,Renata Zárate,4,ESTRATEGIAS DE APRENDIZAJE,4,Resumen: ESTRATEGIAS DE APRENDIZAJE,1,34,73,39
20,Renata Zárate,4,ESTRATEGIAS DE APRENDIZAJE,4,Resumen: ESTRATEGIAS DE APRENDIZAJE,1,40,78,38
20,Renata Zárate,4,ESTRATEGIAS DE APRENDIZAJE,4,Resumen: ESTRATEGIAS DE APRENDIZAJE,0,49,52,3
20,Renata Zárate,4,ESTRATEGIAS DE APRENDIZAJE,4,Resumen: ESTRATEGIAS DE APRENDIZAJE,1,44,82,38
20,Renata Zárate,4,ESTRATEGIAS DE APRENDIZAJE,4,Resumen: ESTRATEGIAS DE APRENDIZAJE,0,45,50,5
20,Renata Zárate,4,ESTRATEGIAS DE APRENDIZAJE,4,Resumen: ESTRATEGIAS DE APRENDIZAJE,0,31,33,2
20,Renata Zárate,4,ESTRATEGIAS DE APRENDIZAJE,4,Resumen: ESTRATEGIAS DE APRENDIZAJE,1,32,69,37
20,Renata Zárate,4,ESTRATEGIAS DE APRENDIZAJE,4,Resumen: ESTRATEGIAS DE APRENDIZAJE,0,34,42,8
1,Juan Pérez,5,PRINCIPIOS UNIVERSITARIOS,5,Resumen: PRINCIPIOS UNIVERSITARIOS,1,48,79,31
1,Juan Pérez,5,PRINCIPIOS UNIVERSITARIOS,5,Resumen: PRINCIPIOS UNIVERSITARIOS,0,36,39,3
1,Juan Pérez,5,PRINCIPIOS UNIVERSITARIOS,5,Resumen: PRINCIPIOS UNIVERSITARIOS,1,31,67,36
1,Juan Pérez,5,PRINCIPIOS UNIVERSITARIOS,5,Resumen: PRINCIPIOS UNIVERSITARIOS,1,36,75,39
1,Juan Pérez,5,PRINCIPIOS UNIVERSITARIOS,5,Resumen: PRINCIPIOS UNIVERSITARIOS,1,46,74,28
1,Juan Pérez,5,PRINCIPIOS UNIVERSITARIOS,5,Resumen: PRINCIPIOS UNIVERSITARIOS,1,30,70,40
1,Juan Pérez,5,PRINCIPIOS UNIVERSITARIOS,5,Resumen: PRINCIPIOS UNIVERSITARIOS,1,49,89,40
1,Juan Pérez,5,PRINCIPIOS UNIVERSITARIOS,5,Resumen: PRINCIPIOS UNIVERSITARIOS,0,48,53,5
1,Juan Pérez,5,PRINCIPIOS UNIVERSITARIOS,5,Resumen: PRINCIPIOS UNIVERSITARIOS,0,35,39,4
1,Juan Pérez,5,PRINCIPIOS UNIVERSITARIOS,5,Resumen: PRINCIPIOS UNIVERSITARIOS,1,32,69,37
1,Juan Pérez,5,PRINCIPIOS UNIVERSITARIOS,5,Resumen: PRINCIPIOS UNIVERSITARIOS,1,31,62,31
1,Juan Pérez,5,PRINCIPIOS UNIVERSITARIOS,5,Resumen: PRINCIPIOS UNIVERSITARIOS,0,37,47,10
1,Juan Pérez,5,PRINCIPIOS UNIVERSITARIOS,5,Resumen: PRINCIPIOS UNIVERSITARIOS,1,36,74,38
1,Juan Pérez,5,PRINCIPIOS UNIVERSITARIOS,5,Resumen: PRINCIPIOS UNIVERSITARIOS,1,46,71,25
1,Juan Pérez,5,PRINCIPIOS UNIVERSITARIOS,5,Resumen: PRINCIPIOS UNIVERSITARIOS,0,45,55,10
2,María Quispe,5,PRINCIPIOS UNIVERSITARIOS,5,Resumen: PRINCIPIOS UNIVERSITARIOS,0,35,35,0
2,María Quispe,5,PRINCIPIOS UNIVERSITARIOS,5,Resumen: PRINCIPIOS UNIVERSITARIOS,1,37,71,34
2,María Quispe,5,PRINCIPIOS UNIVERSITARIOS,5,Resumen: PRINCIPIOS UNIVERSITARIOS,1,50,87,37
2,María Quispe,5,PRINCIPIOS UNIVERSITARIOS,5,Resumen: PRINCIPIOS UNIVERSITARIOS,1,41,72,31
2,María Quispe,5,PRINCIPIOS UNIVERSITARIOS,5,Resumen: PRINCIPIOS UNIVERSITARIOS,1,44,81,37
2,María Quispe,5,PRINCIPIOS UNIVERSITARIOS,5,Resumen: PRINCIPIOS UNIVERSITARIOS,1,48,84,36
2,María Quispe,5,PRINCIPIOS UNIVERSITARIOS,5,Resumen: PRINCIPIOS UNIVERSITARIOS,0,47,56,9
2,María Quispe,5,PRINCIPIOS UNIVERSITARIOS,5,Resumen: PRINCIPIOS UNIVERSITARIOS,1,39,67,28
2,María Quispe,5,PRINCIPIOS UNIVERSITARIOS,5,Resumen: PRINCIPIOS UNIVERSITARIOS,1,45,78,33
2,María Quispe,5,PRINCIPIOS UNIVERSITARIOS,5,Resumen: PRINCIPIOS UNIVERSITARIOS,1,50,83,33
2,María Quispe,5,PRINCIPIOS UNIVERSITARIOS,5,Resumen: PRINCIPIOS UNIVERSITARIOS,0,38,48,10
2,María Quispe,5,PRINCIPIOS UNIVERSITARIOS,5,Resumen: PRINCIPIOS UNIVERSITARIOS,1,39,71,32
2,María Quispe,5,PRINCIPIOS UNIVERSITARIOS,5,Resumen: PRINCIPIOS UNIVERSITARIOS,0,31,40,9
2,María Quispe,5,PRINCIPIOS UNIVERSITARIOS,5,Resumen: PRINCIPIOS UNIVERSITARIOS,0,42,52,10
2,María Quispe,5,PRINCIPIOS UNIVERSITARIOS,5,Resumen: PRINCIPIOS UNIVERSITARIOS,0,34,44,10
3,Luis Choque,5,PRINCIPIOS UNIVERSITARIOS,5,Resumen: PRINCIPIOS UNIVERSITARIOS,0,45,49,4
3,Luis Choque,5,PRINCIPIOS UNIVERSITARIOS,5,Resumen: PRINCIPIOS UNIVERSITARIOS,1,43,69,26
3,Luis Choque,5,PRINCIPIOS UNIVERSITARIOS,5,Resumen: PRINCIPIOS UNIVERSITARIOS,0,48,57,9
3,Luis Choque,5,PRINCIPIOS UNIVERSITARIOS,5,Resumen: PRINCIPIOS UNIVERSITARIOS,1,36,68,32
3,Luis Choque,5,PRINCIPIOS UNIVERSITARIOS,5,Resumen: PRINCIPIOS UNIVERSITARIOS,0,47,54,7
3,Luis Choque,5,PRINCIPIOS UNIVERSITARIOS,5,Resumen: PRINCIPIOS UNIVERSITARIOS,0,41,43,2
3,Luis Choque,5,PRINCIPIOS UNIVERSITARIOS,5,Resumen: PRINCIPIOS UNIVERSITARIOS,1,47,75,28
3,Luis Choque,5,PRINCIPIOS UNIVERSITARIOS,5,Resumen: PRINCIPIOS UNIVERSITARIOS,1,45,78,33
3,Luis Choque,5,PRINCIPIOS UNIVERSITARIOS,5,Resumen: PRINCIPIOS UNIVERSITARIOS,0,47,49,2
3,Luis Choque,5,PRINCIPIOS UNIVERSITARIOS,5,Resumen: PRINCIPIOS UNIVERSITARIOS,0,40,43,3
3,Luis Choque,5,PRINCIPIOS UNIVERSITARIOS,5,Resumen: PRINCIPIOS UNIVERSITARIOS,1,41,75,34
3,Luis Choque,5,PRINCIPIOS UNIVERSITARIOS,5,Resumen: PRINCIPIOS UNIVERSITARIOS,0,43,48,5
3,Luis Choque,5,PRINCIPIOS UNIVERSITARIOS,5,Resumen: PRINCIPIOS UNIVERSITARIOS,1,41,75,34
3,Luis Choque,5,PRINCIPIOS UNIVERSITARIOS,5,Resumen: PRINCIPIOS UNIVERSITARIOS,0,44,51,7
3,Luis Choque,5,PRINCIPIOS UNIVERSITARIOS,5,Resumen: PRINCIPIOS UNIVERSITARIOS,0,31,40,9
4,Sofía Condori,5,PRINCIPIOS UNIVERSITARIOS,5,Resumen: PRINCIPIOS UNIVERSITARIOS,0,48,49,1
4,Sofía Condori,5,PRINCIPIOS UNIVERSITARIOS,5,Resumen: PRINCIPIOS UNIVERSITARIOS,0,45,53,8
4,Sofía Condori,5,PRINCIPIOS UNIVERSITARIOS,5,Resumen: PRINCIPIOS UNIVERSITARIOS,0,33,39,6
4,Sofía Condori,5,PRINCIPIOS UNIVERSITARIOS,5,Resumen: PRINCIPIOS UNIVERSITARIOS,1,46,72,26
4,Sofía Condori,5,PRINCIPIOS UNIVERSITARIOS,5,Resumen: PRINCIPIOS UNIVERSITARIOS,1,34,65,31
4,Sofía Condori,5,PRINCIPIOS UNIVERSITARIOS,5,Resumen: PRINCIPIOS UNIVERSITARIOS,1,40,79,39
4,Sofía Condori,5,PRINCIPIOS UNIVERSITARIOS,5,Resumen: PRINCIPIOS UNIVERSITARIOS,1,34,64,30
4,Sofía Condori,5,PRINCIPIOS UNIVERSITARIOS,5,Resumen: PRINCIPIOS UNIVERSITARIOS,1,32,62,30
4,Sofía Condori,5,PRINCIPIOS UNIVERSITARIOS,5,Resumen: PRINCIPIOS UNIVERSITARIOS,0,40,40,0
4,Sofía Condori,5,PRINCIPIOS UNIVERSITARIOS,5,Resumen: PRINCIPIOS UNIVERSITARIOS,1,44,74,30
4,Sofía Condori,5,PRINCIPIOS UNIVERSITARIOS,5,Resumen: PRINCIPIOS UNIVERSITARIOS,0,48,55,7
4,Sofía Condori,5,PRINCIPIOS UNIVERSITARIOS,5,Resumen: PRINCIPIOS UNIVERSITARIOS,1,32,70,38
4,Sofía Condori,5,PRINCIPIOS UNIVERSITARIOS,5,Resumen: PRINCIPIOS UNIVERSITARIOS,1,50,88,38
4,Sofía Condori,5,PRINCIPIOS UNIVERSITARIOS,5,Resumen: PRINCIPIOS UNIVERSITARIOS,1,45,71,26
4,Sofía Condori,5,PRINCIPIOS UNIVERSITARIOS,5,Resumen: PRINCIPIOS UNIVERSITARIOS,1,47,83,36
5,Carlos Mamani,5,PRINCIPIOS UNIVERSITARIOS,5,Resumen: PRINCIPIOS UNIVERSITARIOS,0,30,38,8
5,Carlos Mamani,5,PRINCIPIOS UNIVERSITARIOS,5,Resumen: PRINCIPIOS UNIVERSITARIOS,1,36,61,25
5,Carlos Mamani,5,PRINCIPIOS UNIVERSITARIOS,5,Resumen: PRINCIPIOS UNIVERSITARIOS,0,50,53,3
5,Carlos Mamani,5,PRINCIPIOS UNIVERSITARIOS,5,Resumen: PRINCIPIOS UNIVERSITARIOS,1,41,69,28
5,Carlos Mamani,5,PRINCIPIOS UNIVERSITARIOS,5,Resumen: PRINCIPIOS UNIVERSITARIOS,0,42,46,4
5,Carlos Mamani,5,PRINCIPIOS UNIVERSITARIOS,5,Resumen: PRINCIPIOS UNIVERSITARIOS,1,35,61,26
5,Carlos Mamani,5,PRINCIPIOS UNIVERSITARIOS,5,Resumen: PRINCIPIOS UNIVERSITARIOS,0,39,46,7
5,Carlos Mamani,5,PRINCIPIOS UNIVERSITARIOS,5,Resumen: PRINCIPIOS UNIVERSITARIOS,0,46,51,5
5,Carlos Mamani,5,PRINCIPIOS UNIVERSITARIOS,5,Resumen: PRINCIPIOS UNIVERSITARIOS,0,43,45,2
5,Carlos Mamani,5,PRINCIPIOS UNIVERSITARIOS,5,Resumen: PRINCIPIOS UNIVERSITARIOS,0,40,47,7
5,Carlos Mamani,5,PRINCIPIOS UNIVERSITARIOS,5,Resumen: PRINCIPIOS UNIVERSITARIOS,0,41,43,2
5,Carlos Mamani,5,PRINCIPIOS UNIVERSITARIOS,5,Resumen: PRINCIPIOS UNIVERSITARIOS,1,42,74,32
5,Carlos Mamani,5,PRINCIPIOS UNIVERSITARIOS,5,Resumen: PRINCIPIOS UNIVERSITARIOS,1,34,59,25
5,Carlos Mamani,5,PRINCIPIOS UNIVERSITARIOS,5,Resumen: PRINCIPIOS UNIVERSITARIOS,0,48,49,1
5,Carlos Mamani,5,PRINCIPIOS UNIVERSITARIOS,5,Resumen: PRINCIPIOS UNIVERSITARIOS,0,41,41,0
6,Ana Torrez,5,PRINCIPIOS UNIVERSITARIOS,5,Resumen: PRINCIPIOS UNIVERSITARIOS,0,42,46,4
6,Ana Torrez,5,PRINCIPIOS UNIVERSITARIOS,5,Resumen: PRINCIPIOS UNIVERSITARIOS,0,47,56,9
6,Ana Torrez,5,PRINCIPIOS UNIVERSITARIOS,5,Resumen: PRINCIPIOS UNIVERSITARIOS,0,31,41,10
6,Ana Torrez,5,PRINCIPIOS UNIVERSITARIOS,5,Resumen: PRINCIPIOS UNIVERSITARIOS,1,30,58,28
6,Ana Torrez,5,PRINCIPIOS UNIVERSITARIOS,5,Resumen: PRINCIPIOS UNIVERSITARIOS,1,43,71,28
6,Ana Torrez,5,PRINCIPIOS UNIVERSITARIOS,5,Resumen: PRINCIPIOS UNIVERSITARIOS,1,47,76,29
6,Ana Torrez,5,PRINCIPIOS UNIVERSITARIOS,5,Resumen: PRINCIPIOS UNIVERSITARIOS,0,36,46,10
6,Ana Torrez,5,PRINCIPIOS UNIVERSITARIOS,5,Resumen: PRINCIPIOS UNIVERSITARIOS,1,30,58,28
6,Ana Torrez,5,PRINCIPIOS UNIVERSITARIOS,5,Resumen: PRINCIPIOS UNIVERSITARIOS,1,46,75,29
6,Ana Torrez,5,PRINCIPIOS UNIVERSITARIOS,5,Resumen: PRINCIPIOS UNIVERSITARIOS,0,43,44,1
6,Ana Torrez,5,PRINCIPIOS UNIVERSITARIOS,5,Resumen: PRINCIPIOS UNIVERSITARIOS,0,46,47,1
6,Ana Torrez,5,PRINCIPIOS UNIVERSITARIOS,5,Resumen: PRINCIPIOS UNIVERSITARIOS,1,39,67,28
6,Ana Torrez,5,PRINCIPIOS UNIVERSITARIOS,5,Resumen: PRINCIPIOS UNIVERSITARIOS,1,45,76,31
6,Ana Torrez,5,PRINCIPIOS UNIVERSITARIOS,5,Resumen: PRINCIPIOS UNIVERSITARIOS,0,38,41,3
6,Ana Torrez,5,PRINCIPIOS UNIVERSITARIOS,5,Resumen: PRINCIPIOS UNIVERSITARIOS,0,41,45,4
7,Diego Huanca,5,PRINCIPIOS UNIVERSITARIOS,5,Resumen: PRINCIPIOS UNIVERSITARIOS,1,35,75,40
7,Diego Huanca,5,PRINCIPIOS UNIVERSITARIOS,5,Resumen: PRINCIPIOS UNIVERSITARIOS,0,36,43,7
7,Diego Huanca,5,PRINCIPIOS UNIVERSITARIOS,5,Resumen: PRINCIPIOS UNIVERSITARIOS,1,40,65,25
7,Diego Huanca,5,PRINCIPIOS UNIVERSITARIOS,5,Resumen: PRINCIPIOS UNIVERSITARIOS,0,32,41,9
7,Diego Huanca,5,PRINCIPIOS UNIVERSITARIOS,5,Resumen: PRINCIPIOS UNIVERSITARIOS,1,45,72,27
7,Diego Huanca,5,PRINCIPIOS UNIVERSITARIOS,5,Resumen: PRINCIPIOS UNIVERSITARIOS,1,46,74,28
7,Diego Huanca,5,PRINCIPIOS UNIVERSITARIOS,5,Resumen: PRINCIPIOS UNIVERSITARIOS,0,38,45,7
7,Diego Huanca,5,PRINCIPIOS UNIVERSITARIOS,5,Resumen: PRINCIPIOS UNIVERSITARIOS,1,39,65,26
7,Diego Huanca,5,PRINCIPIOS UNIVERSITARIOS,5,Resumen: PRINCIPIOS UNIVERSITARIOS,0,33,33,0
7,Diego Huanca,5,PRINCIPIOS UNIVERSITARIOS,5,Resumen: PRINCIPIOS UNIVERSITARIOS,1,39,74,35
7,Diego Huanca,5,PRINCIPIOS UNIVERSITARIOS,5,Resumen: PRINCIPIOS UNIVERSITARIOS,0,43,44,1
7,Diego Huanca,5,PRINCIPIOS UNIVERSITARIOS,5,Resumen: PRINCIPIOS UNIVERSITARIOS,1,31,60,29
7,Diego Huanca,5,PRINCIPIOS UNIVERSITARIOS,5,Resumen: PRINCIPIOS UNIVERSITARIOS,1,50,86,36
7,Diego Huanca,5,PRINCIPIOS UNIVERSITARIOS,5,Resumen: PRINCIPIOS UNIVERSITARIOS,0,44,48,4
7,Diego Huanca,5,PRINCIPIOS UNIVERSITARIOS,5,Resumen: PRINCIPIOS UNIVERSITARIOS,1,32,67,35
8,Lucía Apaza,5,PRINCIPIOS UNIVERSITARIOS,5,Resumen: PRINCIPIOS UNIVERSITARIOS,1,35,72,37
8,Lucía Apaza,5,PRINCIPIOS UNIVERSITARIOS,5,Resumen: PRINCIPIOS UNIVERSITARIOS,1,44,81,37
8,Lucía Apaza,5,PRINCIPIOS UNIVERSITARIOS,5,Resumen: PRINCIPIOS UNIVERSITARIOS,0,45,55,10
8,Lucía Apaza,5,PRINCIPIOS UNIVERSITARIOS,5,Resumen: PRINCIPIOS UNIVERSITARIOS,1,35,61,26
8,Lucía Apaza,5,PRINCIPIOS UNIVERSITARIOS,5,Resumen: PRINCIPIOS UNIVERSITARIOS,1,35,75,40
8,Lucía Apaza,5,PRINCIPIOS UNIVERSITARIOS,5,Resumen: PRINCIPIOS UNIVERSITARIOS,0,48,50,2
8,Lucía Apaza,5,PRINCIPIOS UNIVERSITARIOS,5,Resumen: PRINCIPIOS UNIVERSITARIOS,1,49,85,36
8,Lucía Apaza,5,PRINCIPIOS UNIVERSITARIOS,5,Resumen: PRINCIPIOS UNIVERSITARIOS,1,49,78,29
8,Lucía Apaza,5,PRINCIPIOS UNIVERSITARIOS,5,Resumen: PRINCIPIOS UNIVERSITARIOS,0,45,46,1
8,Lucía Apaza,5,PRINCIPIOS UNIVERSITARIOS,5,Resumen: PRINCIPIOS UNIVERSITARIOS,1,43,70,27
8,Lucía Apaza,5,PRINCIPIOS UNIVERSITARIOS,5,Resumen: PRINCIPIOS UNIVERSITARIOS,0,38,38,0
8,Lucía Apaza,5,PRINCIPIOS UNIVERSITARIOS,5,Resumen: PRINCIPIOS UNIVERSITARIOS,0,46,55,9
8,Lucía Apaza,5,PRINCIPIOS UNIVERSITARIOS,5,Resumen: PRINCIPIOS UNIVERSITARIOS,1,48,83,35
8,Lucía Apaza,5,PRINCIPIOS UNIVERSITARIOS,5,Resumen: PRINCIPIOS UNIVERSITARIOS,0,46,55,9
8,Lucía Apaza,5,PRINCIPIOS UNIVERSITARIOS,5,Resumen: PRINCIPIOS UNIVERSITARIOS,1,33,65,32
9,Fernando Quispe,5,PRINCIPIOS UNIVERSITARIOS,5,Resumen: PRINCIPIOS UNIVERSITARIOS,1,45,82,37
9,Fernando Quispe,5,PRINCIPIOS UNIVERSITARIOS,5,Resumen: PRINCIPIOS UNIVERSITARIOS,0,34,42,8
9,Fernando Quispe,5,PRINCIPIOS UNIVERSITARIOS,5,Resumen: PRINCIPIOS UNIVERSITARIOS,1,49,79,30
9,Fernando Quispe,5,PRINCIPIOS UNIVERSITARIOS,5,Resumen: PRINCIPIOS UNIVERSITARIOS,0,46,53,7
9,Fernando Quispe,5,PRINCIPIOS UNIVERSITARIOS,5,Resumen: PRINCIPIOS UNIVERSITARIOS,1,35,75,40
9,Fernando Quispe,5,PRINCIPIOS UNIVERSITARIOS,5,Resumen: PRINCIPIOS UNIVERSITARIOS,1,40,73,33
9,Fernando Quispe,5,PRINCIPIOS UNIVERSITARIOS,5,Resumen: PRINCIPIOS UNIVERSITARIOS,0,31,39,8
9,Fernando Quispe,5,PRINCIPIOS UNIVERSITARIOS,5,Resumen: PRINCIPIOS UNIVERSITARIOS,1,50,82,32
9,Fernando Quispe,5,PRINCIPIOS UNIVERSITARIOS,5,Resumen: PRINCIPIOS UNIVERSITARIOS,1,32,71,39
9,Fernando Quispe,5,PRINCIPIOS UNIVERSITARIOS,5,Resumen: PRINCIPIOS UNIVERSITARIOS,0,32,39,7
9,Fernando Quispe,5,PRINCIPIOS UNIVERSITARIOS,5,Resumen: PRINCIPIOS UNIVERSITARIOS,1,40,80,40
9,Fernando Quispe,5,PRINCIPIOS UNIVERSITARIOS,5,Resumen: PRINCIPIOS UNIVERSITARIOS,1,50,87,37
9,Fernando Quispe,5,PRINCIPIOS UNIVERSITARIOS,5,Resumen: PRINCIPIOS UNIVERSITARIOS,1,43,68,25
9,Fernando Quispe,5,PRINCIPIOS UNIVERSITARIOS,5,Resumen: PRINCIPIOS UNIVERSITARIOS,0,32,41,9
9,Fernando Quispe,5,PRINCIPIOS UNIVERSITARIOS,5,Resumen: PRINCIPIOS UNIVERSITARIOS,1,50,81,31
10,Camila Mendoza,5,PRINCIPIOS UNIVERSITARIOS,5,Resumen: PRINCIPIOS UNIVERSITARIOS,0,50,55,5
10,Camila Mendoza,5,PRINCIPIOS UNIVERSITARIOS,5,Resumen: PRINCIPIOS UNIVERSITARIOS,0,41,44,3
10,Camila Mendoza,5,PRINCIPIOS UNIVERSITARIOS,5,Resumen: PRINCIPIOS UNIVERSITARIOS,1,44,84,40
10,Camila Mendoza,5,PRINCIPIOS UNIVERSITARIOS,5,Resumen: PRINCIPIOS UNIVERSITARIOS,0,41,42,1
10,Camila Mendoza,5,PRINCIPIOS UNIVERSITARIOS,5,Resumen: PRINCIPIOS UNIVERSITARIOS,0,33,36,3
10,Camila Mendoza,5,PRINCIPIOS UNIVERSITARIOS,5,Resumen: PRINCIPIOS UNIVERSITARIOS,1,30,64,34
10,Camila Mendoza,5,PRINCIPIOS UNIVERSITARIOS,5,Resumen: PRINCIPIOS UNIVERSITARIOS,0,47,48,1
10,Camila Mendoza,5,PRINCIPIOS UNIVERSITARIOS,5,Resumen: PRINCIPIOS UNIVERSITARIOS,0,31,38,7
10,Camila Mendoza,5,PRINCIPIOS UNIVERSITARIOS,5,Resumen: PRINCIPIOS UNIVERSITARIOS,0,34,40,6
10,Camila Mendoza,5,PRINCIPIOS UNIVERSITARIOS,5,Resumen: PRINCIPIOS UNIVERSITARIOS,1,33,64,31
10,Camila Mendoza,5,PRINCIPIOS UNIVERSITARIOS,5,Resumen: PRINCIPIOS UNIVERSITARIOS,1,36,73,37
10,Camila Mendoza,5,PRINCIPIOS UNIVERSITARIOS,5,Resumen: PRINCIPIOS UNIVERSITARIOS,1,36,67,31
10,Camila Mendoza,5,PRINCIPIOS UNIVERSITARIOS,5,Resumen: PRINCIPIOS UNIVERSITARIOS,1,40,78,38
10,Camila Mendoza,5,PRINCIPIOS UNIVERSITARIOS,5,Resumen: PRINCIPIOS UNIVERSITARIOS,0,31,41,10
10,Camila Mendoza,5,PRINCIPIOS UNIVERSITARIOS,5,Resumen: PRINCIPIOS UNIVERSITARIOS,1,48,87,39
11,Roberto Copa,5,PRINCIPIOS UNIVERSITARIOS,5,Resumen: PRINCIPIOS UNIVERSITARIOS,0,44,52,8
11,Roberto Copa,5,PRINCIPIOS UNIVERSITARIOS,5,Resumen: PRINCIPIOS UNIVERSITARIOS,0,34,34,0
11,Roberto Copa,5,PRINCIPIOS UNIVERSITARIOS,5,Resumen: PRINCIPIOS UNIVERSITARIOS,0,46,54,8
11,Roberto Copa,5,PRINCIPIOS UNIVERSITARIOS,5,Resumen: PRINCIPIOS UNIVERSITARIOS,0,43,50,7
11,Roberto Copa,5,PRINCIPIOS UNIVERSITARIOS,5,Resumen: PRINCIPIOS UNIVERSITARIOS,0,46,48,2
11,Roberto Copa,5,PRINCIPIOS UNIVERSITARIOS,5,Resumen: PRINCIPIOS UNIVERSITARIOS,1,48,77,29
11,Roberto Copa,5,PRINCIPIOS UNIVERSITARIOS,5,Resumen: PRINCIPIOS UNIVERSITARIOS,1,33,68,35
11,Roberto Copa,5,PRINCIPIOS UNIVERSITARIOS,5,Resumen: PRINCIPIOS UNIVERSITARIOS,0,46,52,6
11,Roberto Copa,5,PRINCIPIOS UNIVERSITARIOS,5,Resumen: PRINCIPIOS UNIVERSITARIOS,0,49,52,3
11,Roberto Copa,5,PRINCIPIOS UNIVERSITARIOS,5,Resumen: PRINCIPIOS UNIVERSITARIOS,1,38,73,35
11,Roberto Copa,5,PRINCIPIOS UNIVERSITARIOS,5,Resumen: PRINCIPIOS UNIVERSITARIOS,1,39,68,29
11,Roberto Copa,5,PRINCIPIOS UNIVERSITARIOS,5,Resumen: PRINCIPIOS UNIVERSITARIOS,1,34,68,34
11,Roberto Copa,5,PRINCIPIOS UNIVERSITARIOS,5,Resumen: PRINCIPIOS UNIVERSITARIOS,0,47,55,8
11,Roberto Copa,5,PRINCIPIOS UNIVERSITARIOS,5,Resumen: PRINCIPIOS UNIVERSITARIOS,1,50,81,31
11,Roberto Copa,5,PRINCIPIOS UNIVERSITARIOS,5,Resumen: PRINCIPIOS UNIVERSITARIOS,0,49,59,10
12,Valeria Silva,5,PRINCIPIOS UNIVERSITARIOS,5,Resumen: PRINCIPIOS UNIVERSITARIOS,0,41,43,2
12,Valeria Silva,5,PRINCIPIOS UNIVERSITARIOS,5,Resumen: PRINCIPIOS UNIVERSITARIOS,0,50,52,2
12,Valeria Silva,5,PRINCIPIOS UNIVERSITARIOS,5,Resumen: PRINCIPIOS UNIVERSITARIOS,0,46,56,10
12,Valeria Silva,5,PRINCIPIOS UNIVERSITARIOS,5,Resumen: PRINCIPIOS UNIVERSITARIOS,0,40,45,5
12,Valeria Silva,5,PRINCIPIOS UNIVERSITARIOS,5,Resumen: PRINCIPIOS UNIVERSITARIOS,1,47,85,38
12,Valeria Silva,5,PRINCIPIOS UNIVERSITARIOS,5,Resumen: PRINCIPIOS UNIVERSITARIOS,1,47,85,38
12,Valeria Silva,5,PRINCIPIOS UNIVERSITARIOS,5,Resumen: PRINCIPIOS UNIVERSITARIOS,0,30,30,0
12,Valeria Silva,5,PRINCIPIOS UNIVERSITARIOS,5,Resumen: PRINCIPIOS UNIVERSITARIOS,1,42,68,26
12,Valeria Silva,5,PRINCIPIOS UNIVERSITARIOS,5,Resumen: PRINCIPIOS UNIVERSITARIOS,1,36,66,30
12,Valeria Silva,5,PRINCIPIOS UNIVERSITARIOS,5,Resumen: PRINCIPIOS UNIVERSITARIOS,0,39,41,2
12,Valeria Silva,5,PRINCIPIOS UNIVERSITARIOS,5,Resumen: PRINCIPIOS UNIVERSITARIOS,0,31,35,4
12,Valeria Silva,5,PRINCIPIOS UNIVERSITARIOS,5,Resumen: PRINCIPIOS UNIVERSITARIOS,0,36,36,0
12,Valeria Silva,5,PRINCIPIOS UNIVERSITARIOS,5,Resumen: PRINCIPIOS UNIVERSITARIOS,0,41,42,1
12,Valeria Silva,5,PRINCIPIOS UNIVERSITARIOS,5,Resumen: PRINCIPIOS UNIVERSITARIOS,0,49,57,8
12,Valeria Silva,5,PRINCIPIOS UNIVERSITARIOS,5,Resumen: PRINCIPIOS UNIVERSITARIOS,0,37,45,8
13,Andrés Vargas,5,PRINCIPIOS UNIVERSITARIOS,5,Resumen: PRINCIPIOS UNIVERSITARIOS,1,42,76,34
13,Andrés Vargas,5,PRINCIPIOS UNIVERSITARIOS,5,Resumen: PRINCIPIOS UNIVERSITARIOS,0,31,37,6
13,Andrés Vargas,5,PRINCIPIOS UNIVERSITARIOS,5,Resumen: PRINCIPIOS UNIVERSITARIOS,0,43,53,10
13,Andrés Vargas,5,PRINCIPIOS UNIVERSITARIOS,5,Resumen: PRINCIPIOS UNIVERSITARIOS,0,40,40,0
13,Andrés Vargas,5,PRINCIPIOS UNIVERSITARIOS,5,Resumen: PRINCIPIOS UNIVERSITARIOS,0,30,33,3
13,Andrés Vargas,5,PRINCIPIOS UNIVERSITARIOS,5,Resumen: PRINCIPIOS UNIVERSITARIOS,0,49,56,7
13,Andrés Vargas,5,PRINCIPIOS UNIVERSITARIOS,5,Resumen: PRINCIPIOS UNIVERSITARIOS,0,37,47,10
13,Andrés Vargas,5,PRINCIPIOS UNIVERSITARIOS,5,Resumen: PRINCIPIOS UNIVERSITARIOS,0,41,49,8
13,Andrés Vargas,5,PRINCIPIOS UNIVERSITARIOS,5,Resumen: PRINCIPIOS UNIVERSITARIOS,1,49,80,31
13,Andrés Vargas,5,PRINCIPIOS UNIVERSITARIOS,5,Resumen: PRINCIPIOS UNIVERSITARIOS,1,39,66,27
13,Andrés Vargas,5,PRINCIPIOS UNIVERSITARIOS,5,Resumen: PRINCIPIOS UNIVERSITARIOS,0,35,43,8
13,Andrés Vargas,5,PRINCIPIOS UNIVERSITARIOS,5,Resumen: PRINCIPIOS UNIVERSITARIOS,1,33,71,38
13,Andrés Vargas,5,PRINCIPIOS UNIVERSITARIOS,5,Resumen: PRINCIPIOS UNIVERSITARIOS,0,38,40,2
13,Andrés Vargas,5,PRINCIPIOS UNIVERSITARIOS,5,Resumen: PRINCIPIOS UNIVERSITARIOS,0,35,39,4
13,Andrés Vargas,5,PRINCIPIOS UNIVERSITARIOS,5,Resumen: PRINCIPIOS UNIVERSITARIOS,1,30,59,29
14,Daniela Ramos,5,PRINCIPIOS UNIVERSITARIOS,5,Resumen: PRINCIPIOS UNIVERSITARIOS,1,31,66,35
14,Daniela Ramos,5,PRINCIPIOS UNIVERSITARIOS,5,Resumen: PRINCIPIOS UNIVERSITARIOS,1,49,83,34
14,Daniela Ramos,5,PRINCIPIOS UNIVERSITARIOS,5,Resumen: PRINCIPIOS UNIVERSITARIOS,0,45,53,8
14,Daniela Ramos,5,PRINCIPIOS UNIVERSITARIOS,5,Resumen: PRINCIPIOS UNIVERSITARIOS,1,41,76,35
14,Daniela Ramos,5,PRINCIPIOS UNIVERSITARIOS,5,Resumen: PRINCIPIOS UNIVERSITARIOS,1,46,76,30
14,Daniela Ramos,5,PRINCIPIOS UNIVERSITARIOS,5,Resumen: PRINCIPIOS UNIVERSITARIOS,1,46,76,30
14,Daniela Ramos,5,PRINCIPIOS UNIVERSITARIOS,5,Resumen: PRINCIPIOS UNIVERSITARIOS,0,43,49,6
14,Daniela Ramos,5,PRINCIPIOS UNIVERSITARIOS,5,Resumen: PRINCIPIOS UNIVERSITARIOS,1,32,63,31
14,Daniela Ramos,5,PRINCIPIOS UNIVERSITARIOS,5,Resumen: PRINCIPIOS UNIVERSITARIOS,1,40,74,34
14,Daniela Ramos,5,PRINCIPIOS UNIVERSITARIOS,5,Resumen: PRINCIPIOS UNIVERSITARIOS,0,36,45,9
14,Daniela Ramos,5,PRINCIPIOS UNIVERSITARIOS,5,Resumen: PRINCIPIOS UNIVERSITARIOS,1,46,71,25
14,Daniela Ramos,5,PRINCIPIOS UNIVERSITARIOS,5,Resumen: PRINCIPIOS UNIVERSITARIOS,0,33,40,7
14,Daniela Ramos,5,PRINCIPIOS UNIVERSITARIOS,5,Resumen: PRINCIPIOS UNIVERSITARIOS,0,37,46,9
14,Daniela Ramos,5,PRINCIPIOS UNIVERSITARIOS,5,Resumen: PRINCIPIOS UNIVERSITARIOS,1,49,75,26
14,Daniela Ramos,5,PRINCIPIOS UNIVERSITARIOS,5,Resumen: PRINCIPIOS UNIVERSITARIOS,1,40,68,28
15,Gabriel Llanque,5,PRINCIPIOS UNIVERSITARIOS,5,Resumen: PRINCIPIOS UNIVERSITARIOS,1,42,76,34
15,Gabriel Llanque,5,PRINCIPIOS UNIVERSITARIOS,5,Resumen: PRINCIPIOS UNIVERSITARIOS,0,30,35,5
15,Gabriel Llanque,5,PRINCIPIOS UNIVERSITARIOS,5,Resumen: PRINCIPIOS UNIVERSITARIOS,0,46,53,7
15,Gabriel Llanque,5,PRINCIPIOS UNIVERSITARIOS,5,Resumen: PRINCIPIOS UNIVERSITARIOS,1,45,76,31
15,Gabriel Llanque,5,PRINCIPIOS UNIVERSITARIOS,5,Resumen: PRINCIPIOS UNIVERSITARIOS,0,40,41,1
15,Gabriel Llanque,5,PRINCIPIOS UNIVERSITARIOS,5,Resumen: PRINCIPIOS UNIVERSITARIOS,0,35,43,8
15,Gabriel Llanque,5,PRINCIPIOS UNIVERSITARIOS,5,Resumen: PRINCIPIOS UNIVERSITARIOS,1,47,74,27
15,Gabriel Llanque,5,PRINCIPIOS UNIVERSITARIOS,5,Resumen: PRINCIPIOS UNIVERSITARIOS,0,36,39,3
15,Gabriel Llanque,5,PRINCIPIOS UNIVERSITARIOS,5,Resumen: PRINCIPIOS UNIVERSITARIOS,0,43,46,3
15,Gabriel Llanque,5,PRINCIPIOS UNIVERSITARIOS,5,Resumen: PRINCIPIOS UNIVERSITARIOS,0,47,53,6
15,Gabriel Llanque,5,PRINCIPIOS UNIVERSITARIOS,5,Resumen: PRINCIPIOS UNIVERSITARIOS,0,50,51,1
15,Gabriel Llanque,5,PRINCIPIOS UNIVERSITARIOS,5,Resumen: PRINCIPIOS UNIVERSITARIOS,1,34,69,35
15,Gabriel Llanque,5,PRINCIPIOS UNIVERSITARIOS,5,Resumen: PRINCIPIOS UNIVERSITARIOS,1,31,57,26
15,Gabriel Llanque,5,PRINCIPIOS UNIVERSITARIOS,5,Resumen: PRINCIPIOS UNIVERSITARIOS,0,35,43,8
15,Gabriel Llanque,5,PRINCIPIOS UNIVERSITARIOS,5,Resumen: PRINCIPIOS UNIVERSITARIOS,0,32,35,3
16,Patricia Salinas,5,PRINCIPIOS UNIVERSITARIOS,5,Resumen: PRINCIPIOS UNIVERSITARIOS,1,38,77,39
16,Patricia Salinas,5,PRINCIPIOS UNIVERSITARIOS,5,Resumen: PRINCIPIOS UNIVERSITARIOS,1,50,85,35
16,Patricia Salinas,5,PRINCIPIOS UNIVERSITARIOS,5,Resumen: PRINCIPIOS UNIVERSITARIOS,1,30,58,28
16,Patricia Salinas,5,PRINCIPIOS UNIVERSITARIOS,5,Resumen: PRINCIPIOS UNIVERSITARIOS,1,47,74,27
16,Patricia Salinas,5,PRINCIPIOS UNIVERSITARIOS,5,Resumen: PRINCIPIOS UNIVERSITARIOS,1,48,75,27
16,Patricia Salinas,5,PRINCIPIOS UNIVERSITARIOS,5,Resumen: PRINCIPIOS UNIVERSITARIOS,0,41,42,1
16,Patricia Salinas,5,PRINCIPIOS UNIVERSITARIOS,5,Resumen: PRINCIPIOS UNIVERSITARIOS,0,39,43,4
16,Patricia Salinas,5,PRINCIPIOS UNIVERSITARIOS,5,Resumen: PRINCIPIOS UNIVERSITARIOS,1,49,88,39
16,Patricia Salinas,5,PRINCIPIOS UNIVERSITARIOS,5,Resumen: PRINCIPIOS UNIVERSITARIOS,1,42,67,25
16,Patricia Salinas,5,PRINCIPIOS UNIVERSITARIOS,5,Resumen: PRINCIPIOS UNIVERSITARIOS,1,45,77,32
16,Patricia Salinas,5,PRINCIPIOS UNIVERSITARIOS,5,Resumen: PRINCIPIOS UNIVERSITARIOS,0,34,42,8
16,Patricia Salinas,5,PRINCIPIOS UNIVERSITARIOS,5,Resumen: PRINCIPIOS UNIVERSITARIOS,0,39,41,2
16,Patricia Salinas,5,PRINCIPIOS UNIVERSITARIOS,5,Resumen: PRINCIPIOS UNIVERSITARIOS,0,39,49,10
16,Patricia Salinas,5,PRINCIPIOS UNIVERSITARIOS,5,Resumen: PRINCIPIOS UNIVERSITARIOS,0,41,41,0
16,Patricia Salinas,5,PRINCIPIOS UNIVERSITARIOS,5,Resumen: PRINCIPIOS UNIVERSITARIOS,0,47,49,2
17,Mateo Chipana,5,PRINCIPIOS UNIVERSITARIOS,5,Resumen: PRINCIPIOS UNIVERSITARIOS,1,33,70,37
17,Mateo Chipana,5,PRINCIPIOS UNIVERSITARIOS,5,Resumen: PRINCIPIOS UNIVERSITARIOS,0,47,48,1
17,Mateo Chipana,5,PRINCIPIOS UNIVERSITARIOS,5,Resumen: PRINCIPIOS UNIVERSITARIOS,1,39,75,36
17,Mateo Chipana,5,PRINCIPIOS UNIVERSITARIOS,5,Resumen: PRINCIPIOS UNIVERSITARIOS,1,36,65,29
17,Mateo Chipana,5,PRINCIPIOS UNIVERSITARIOS,5,Resumen: PRINCIPIOS UNIVERSITARIOS,1,35,68,33
17,Mateo Chipana,5,PRINCIPIOS UNIVERSITARIOS,5,Resumen: PRINCIPIOS UNIVERSITARIOS,1,36,62,26
17,Mateo Chipana,5,PRINCIPIOS UNIVERSITARIOS,5,Resumen: PRINCIPIOS UNIVERSITARIOS,1,47,74,27
17,Mateo Chipana,5,PRINCIPIOS UNIVERSITARIOS,5,Resumen: PRINCIPIOS UNIVERSITARIOS,0,39,43,4
17,Mateo Chipana,5,PRINCIPIOS UNIVERSITARIOS,5,Resumen: PRINCIPIOS UNIVERSITARIOS,1,33,73,40
17,Mateo Chipana,5,PRINCIPIOS UNIVERSITARIOS,5,Resumen: PRINCIPIOS UNIVERSITARIOS,1,40,72,32
17,Mateo Chipana,5,PRINCIPIOS UNIVERSITARIOS,5,Resumen: PRINCIPIOS UNIVERSITARIOS,1,33,60,27
17,Mateo Chipana,5,PRINCIPIOS UNIVERSITARIOS,5,Resumen: PRINCIPIOS UNIVERSITARIOS,1,36,75,39
17,Mateo Chipana,5,PRINCIPIOS UNIVERSITARIOS,5,Resumen: PRINCIPIOS UNIVERSITARIOS,0,40,44,4
17,Mateo Chipana,5,PRINCIPIOS UNIVERSITARIOS,5,Resumen: PRINCIPIOS UNIVERSITARIOS,1,48,84,36
17,Mateo Chipana,5,PRINCIPIOS UNIVERSITARIOS,5,Resumen: PRINCIPIOS UNIVERSITARIOS,0,40,42,2
18,Isabella Cárdenas,5,PRINCIPIOS UNIVERSITARIOS,5,Resumen: PRINCIPIOS UNIVERSITARIOS,1,30,62,32
18,Isabella Cárdenas,5,PRINCIPIOS UNIVERSITARIOS,5,Resumen: PRINCIPIOS UNIVERSITARIOS,1,50,86,36
18,Isabella Cárdenas,5,PRINCIPIOS UNIVERSITARIOS,5,Resumen: PRINCIPIOS UNIVERSITARIOS,0,34,39,5
18,Isabella Cárdenas,5,PRINCIPIOS UNIVERSITARIOS,5,Resumen: PRINCIPIOS UNIVERSITARIOS,1,45,81,36
18,Isabella Cárdenas,5,PRINCIPIOS UNIVERSITARIOS,5,Resumen: PRINCIPIOS UNIVERSITARIOS,1,39,67,28
18,Isabella Cárdenas,5,PRINCIPIOS UNIVERSITARIOS,5,Resumen: PRINCIPIOS UNIVERSITARIOS,0,35,36,1
18,Isabella Cárdenas,5,PRINCIPIOS UNIVERSITARIOS,5,Resumen: PRINCIPIOS UNIVERSITARIOS,0,38,40,2
18,Isabella Cárdenas,5,PRINCIPIOS UNIVERSITARIOS,5,Resumen: PRINCIPIOS UNIVERSITARIOS,1,47,74,27
18,Isabella Cárdenas,5,PRINCIPIOS UNIVERSITARIOS,5,Resumen: PRINCIPIOS UNIVERSITARIOS,0,32,40,8
18,Isabella Cárdenas,5,PRINCIPIOS UNIVERSITARIOS,5,Resumen: PRINCIPIOS UNIVERSITARIOS,1,50,87,37
18,Isabella Cárdenas,5,PRINCIPIOS UNIVERSITARIOS,5,Resumen: PRINCIPIOS UNIVERSITARIOS,1,48,74,26
18,Isabella Cárdenas,5,PRINCIPIOS UNIVERSITARIOS,5,Resumen: PRINCIPIOS UNIVERSITARIOS,1,47,87,40
18,Isabella Cárdenas,5,PRINCIPIOS UNIVERSITARIOS,5,Resumen: PRINCIPIOS UNIVERSITARIOS,0,50,55,5
18,Isabella Cárdenas,5,PRINCIPIOS UNIVERSITARIOS,5,Resumen: PRINCIPIOS UNIVERSITARIOS,1,42,76,34
18,Isabella Cárdenas,5,PRINCIPIOS UNIVERSITARIOS,5,Resumen: PRINCIPIOS UNIVERSITARIOS,1,34,61,27
19,Sebastián Machaca,5,PRINCIPIOS UNIVERSITARIOS,5,Resumen: PRINCIPIOS UNIVERSITARIOS,1,42,67,25
19,Sebastián Machaca,5,PRINCIPIOS UNIVERSITARIOS,5,Resumen: PRINCIPIOS UNIVERSITARIOS,0,37,46,9
19,Sebastián Machaca,5,PRINCIPIOS UNIVERSITARIOS,5,Resumen: PRINCIPIOS UNIVERSITARIOS,0,35,37,2
19,Sebastián Machaca,5,PRINCIPIOS UNIVERSITARIOS,5,Resumen: PRINCIPIOS UNIVERSITARIOS,1,44,73,29
19,Sebastián Machaca,5,PRINCIPIOS UNIVERSITARIOS,5,Resumen: PRINCIPIOS UNIVERSITARIOS,0,45,45,0
19,Sebastián Machaca,5,PRINCIPIOS UNIVERSITARIOS,5,Resumen: PRINCIPIOS UNIVERSITARIOS,0,37,40,3
19,Sebastián Machaca,5,PRINCIPIOS UNIVERSITARIOS,5,Resumen: PRINCIPIOS UNIVERSITARIOS,1,32,64,32
19,Sebastián Machaca,5,PRINCIPIOS UNIVERSITARIOS,5,Resumen: PRINCIPIOS UNIVERSITARIOS,0,31,39,8
19,Sebastián Machaca,5,PRINCIPIOS UNIVERSITARIOS,5,Resumen: PRINCIPIOS UNIVERSITARIOS,1,41,80,39
19,Sebastián Machaca,5,PRINCIPIOS UNIVERSITARIOS,5,Resumen: PRINCIPIOS UNIVERSITARIOS,1,31,66,35
19,Sebastián Machaca,5,PRINCIPIOS UNIVERSITARIOS,5,Resumen: PRINCIPIOS UNIVERSITARIOS,0,33,41,8
19,Sebastián Machaca,5,PRINCIPIOS UNIVERSITARIOS,5,Resumen: PRINCIPIOS UNIVERSITARIOS,0,50,54,4
19,Sebastián Machaca,5,PRINCIPIOS UNIVERSITARIOS,5,Resumen: PRINCIPIOS UNIVERSITARIOS,0,48,50,2
19,Sebastián Machaca,5,PRINCIPIOS UNIVERSITARIOS,5,Resumen: PRINCIPIOS UNIVERSITARIOS,0,42,47,5
19,Sebastián Machaca,5,PRINCIPIOS UNIVERSITARIOS,5,Resumen: PRINCIPIOS UNIVERSITARIOS,0,48,49,1
20,Renata Zárate,5,PRINCIPIOS UNIVERSITARIOS,5,Resumen: PRINCIPIOS UNIVERSITARIOS,1,46,78,32
20,Renata Zárate,5,PRINCIPIOS UNIVERSITARIOS,5,Resumen: PRINCIPIOS UNIVERSITARIOS,1,46,82,36
20,Renata Zárate,5,PRINCIPIOS UNIVERSITARIOS,5,Resumen: PRINCIPIOS UNIVERSITARIOS,0,45,54,9
20,Renata Zárate,5,PRINCIPIOS UNIVERSITARIOS,5,Resumen: PRINCIPIOS UNIVERSITARIOS,0,30,32,2
20,Renata Zárate,5,PRINCIPIOS UNIVERSITARIOS,5,Resumen: PRINCIPIOS UNIVERSITARIOS,1,44,71,27
20,Renata Zárate,5,PRINCIPIOS UNIVERSITARIOS,5,Resumen: PRINCIPIOS UNIVERSITARIOS,0,46,49,3
20,Renata Zárate,5,PRINCIPIOS UNIVERSITARIOS,5,Resumen: PRINCIPIOS UNIVERSITARIOS,1,34,70,36
20,Renata Zárate,5,PRINCIPIOS UNIVERSITARIOS,5,Resumen: PRINCIPIOS UNIVERSITARIOS,0,49,50,1
20,Renata Zárate,5,PRINCIPIOS UNIVERSITARIOS,5,Resumen: PRINCIPIOS UNIVERSITARIOS,1,37,72,35
20,Renata Zárate,5,PRINCIPIOS UNIVERSITARIOS,5,Resumen: PRINCIPIOS UNIVERSITARIOS,1,33,73,40
20,Renata Zárate,5,PRINCIPIOS UNIVERSITARIOS,5,Resumen: PRINCIPIOS UNIVERSITARIOS,1,45,75,30
20,Renata Zárate,5,PRINCIPIOS UNIVERSITARIOS,5,Resumen: PRINCIPIOS UNIVERSITARIOS,0,50,50,0
20,Renata Zárate,5,PRINCIPIOS UNIVERSITARIOS,5,Resumen: PRINCIPIOS UNIVERSITARIOS,1,37,67,30
20,Renata Zárate,5,PRINCIPIOS UNIVERSITARIOS,5,Resumen: PRINCIPIOS UNIVERSITARIOS,0,34,34,0
20,Renata Zárate,5,PRINCIPIOS UNIVERSITARIOS,5,Resumen: PRINCIPIOS UNIVERSITARIOS,1,48,78,30
